time,x,y,z
0,0,0.75,0
0.01,-0.014884,0.749513,0.0225697
0.02,-0.029534,0.748046,2.04436
0.03,-0.0439452,0.745593,4.06532
0.04,-0.0581132,0.742152,6.08541
0.05,-0.0720344,0.737719,8.10457
0.06,-0.0857057,0.732295,10.1228
0.07,-0.0991244,0.72588,12.14
0.08,-0.112288,0.718478,14.1561
0.09,-0.125196,0.710094,16.1711
0.1,-0.137845,0.700734,18.185
0.11,-0.150235,0.690407,20.1976
0.12,-0.162365,0.679124,22.209
0.13,-0.174235,0.666896,24.2192
0.14,-0.185844,0.653738,26.228
0.15,-0.197193,0.639664,28.2354
0.16,-0.20828,0.624693,30.2414
0.17,-0.219106,0.608844,32.2459
0.18,-0.229672,0.592136,34.249
0.19,-0.239977,0.574593,36.2505
0.2,-0.250021,0.556237,38.2504
0.21,-0.259806,0.537096,40.2487
0.22,-0.269329,0.517194,42.2453
0.23,-0.278592,0.496562,44.2402
0.24,-0.287593,0.475227,46.2335
0.25,-0.296333,0.453222,48.2249
0.26,-0.30481,0.430578,50.2146
0.27,-0.313024,0.407329,52.2025
0.28,-0.320972,0.383508,54.1885
0.29,-0.328654,0.359153,56.1726
0.3,-0.336068,0.334299,58.1549
0.31,-0.34321,0.308983,60.1353
0.32,-0.350079,0.283244,62.1137
0.33,-0.356671,0.25712,64.0902
0.34,-0.362983,0.230651,66.0647
0.35,-0.36901,0.203878,68.0372
0.36,-0.37475,0.17684,70.0077
0.37,-0.380196,0.149579,71.9763
0.38,-0.385345,0.122136,73.9428
0.39,-0.39019,0.0945527,75.9073
0.4,-0.394726,0.0668702,77.8698
0.41,-0.398946,0.0391304,79.8303
0.42,-0.402844,0.0113751,81.7887
0.43,-0.406413,-0.0163544,83.7452
0.44,-0.409646,-0.0440166,85.6996
0.45,-0.412534,-0.0715707,87.652
0.46,-0.415071,-0.098976,89.6025
0.47,-0.417247,-0.126192,91.5509
0.48,-0.419055,-0.15318,93.4974
0.49,-0.420486,-0.179901,95.4419
0.5,-0.421531,-0.206315,97.3845
0.51,-0.42218,-0.232387,99.3252
0.52,-0.422426,-0.258078,101.264
0.53,-0.422258,-0.283354,103.201
0.54,-0.421667,-0.30818,105.136
0.55,-0.420645,-0.332521,107.069
0.56,-0.419182,-0.356346,109.001
0.57,-0.417269,-0.379624,110.93
0.58,-0.414897,-0.402323,112.858
0.59,-0.412057,-0.424416,114.784
0.6,-0.408741,-0.445874,116.709
0.61,-0.404941,-0.466671,118.632
0.62,-0.400649,-0.486784,120.553
0.63,-0.395857,-0.506188,122.473
0.64,-0.390558,-0.524862,124.391
0.65,-0.384746,-0.542785,126.308
0.66,-0.378414,-0.55994,128.223
0.67,-0.371558,-0.576308,130.137
0.68,-0.364171,-0.591875,132.05
0.69,-0.356251,-0.606626,133.961
0.7,-0.347793,-0.620548,135.871
0.71,-0.338796,-0.633633,137.78
0.72,-0.329256,-0.645869,139.687
0.73,-0.319173,-0.65725,141.594
0.74,-0.308547,-0.66777,143.499
0.75,-0.297378,-0.677425,145.404
0.76,-0.285669,-0.686211,147.307
0.77,-0.273422,-0.694128,149.209
0.78,-0.260641,-0.701177,151.111
0.79,-0.247331,-0.707358,153.012
0.8,-0.233497,-0.712676,154.912
0.81,-0.219146,-0.717135,156.811
0.82,-0.204288,-0.720741,158.709
0.83,-0.188931,-0.723502,160.607
0.84,-0.173085,-0.725428,162.504
0.85,-0.156762,-0.726527,164.401
0.86,-0.139976,-0.726813,166.297
0.87,-0.12274,-0.726297,168.193
0.88,-0.105069,-0.724993,170.088
0.89,-0.0869797,-0.722915,171.983
0.9,-0.0684898,-0.720081,173.877
0.91,-0.049618,-0.716507,175.771
0.92,-0.0303842,-0.71221,177.665
0.93,-0.0108094,-0.707209,179.558
0.94,0.00908419,-0.701523,181.451
0.95,0.0292733,-0.695173,183.344
0.96,0.0497336,-0.68818,185.237
0.97,0.0704396,-0.680564,187.13
0.98,0.0913651,-0.672347,189.023
0.99,0.112483,-0.663552,190.915
1,0.133764,-0.654202,192.807
1.01,0.15518,-0.644319,194.7
1.02,0.1767,-0.633927,196.592
1.03,0.198295,-0.623049,198.485
1.04,0.219932,-0.611709,200.377
1.05,0.241579,-0.599931,202.269
1.06,0.263203,-0.587738,204.162
1.07,0.284772,-0.575155,206.054
1.08,0.306251,-0.562204,207.947
1.09,0.327606,-0.548909,209.839
1.1,0.348802,-0.535293,211.732
1.11,0.369806,-0.52138,213.625
1.12,0.390581,-0.507192,215.518
1.13,0.411092,-0.492751,217.41
1.14,0.431305,-0.478079,219.303
1.15,0.451183,-0.463198,221.196
1.16,0.470693,-0.448129,223.089
1.17,0.489799,-0.432892,224.982
1.18,0.508466,-0.417506,226.875
1.19,0.52666,-0.401993,228.768
1.2,0.544347,-0.386369,230.661
1.21,0.561494,-0.370654,232.554
1.22,0.578068,-0.354864,234.447
1.23,0.594036,-0.339016,236.339
1.24,0.609368,-0.323128,238.232
1.25,0.624032,-0.307213,240.124
1.26,0.637999,-0.291286,242.017
1.27,0.65124,-0.275363,243.909
1.28,0.663727,-0.259455,245.801
1.29,0.675433,-0.243575,247.692
1.3,0.686333,-0.227736,249.584
1.31,0.696403,-0.211948,251.475
1.32,0.70562,-0.196221,253.365
1.33,0.713961,-0.180566,255.256
1.34,0.721407,-0.164992,257.145
1.35,0.727938,-0.149506,259.035
1.36,0.733539,-0.134117,260.923
1.37,0.738192,-0.118832,262.812
1.38,0.741884,-0.103658,264.699
1.39,0.744601,-0.0885993,266.586
1.4,0.746335,-0.0736629,268.472
1.41,0.747075,-0.0588535,270.358
1.42,0.746813,-0.0441754,272.242
1.43,0.745546,-0.0296328,274.126
1.44,0.743268,-0.0152294,276.009
1.45,0.739977,-0.000968469,277.891
1.46,0.735675,0.013147,279.772
1.47,0.730362,0.0271144,281.652
1.48,0.724041,0.0409311,283.531
1.49,0.716719,0.054595,285.409
1.5,0.708403,0.068104,287.285
1.51,0.6991,0.0814561,289.161
1.52,0.688824,0.0946496,291.035
1.53,0.677585,0.107683,292.908
1.54,0.665398,0.120553,294.779
1.55,0.652279,0.13326,296.649
1.56,0.638247,0.145801,298.518
1.57,0.62332,0.158174,300.385
1.58,0.60752,0.170377,302.251
1.59,0.59087,0.182407,304.115
1.6,0.573393,0.194263,305.977
1.61,0.555116,0.205941,307.838
1.62,0.536065,0.217439,309.697
1.63,0.516269,0.228754,311.555
1.64,0.495758,0.23988,313.41
1.65,0.474563,0.250816,315.264
1.66,0.452717,0.261556,317.117
1.67,0.430252,0.272096,318.967
1.68,0.407204,0.28243,320.816
1.69,0.383608,0.292554,322.662
1.7,0.359499,0.30246,324.507
1.71,0.334916,0.312144,326.35
1.72,0.309896,0.321597,328.191
1.73,0.284478,0.330813,330.03
1.74,0.258701,0.339783,331.867
1.75,0.232604,0.348501,333.702
1.76,0.206228,0.356956,335.535
1.77,0.179613,0.365141,337.366
1.78,0.152799,0.373045,339.195
1.79,0.125827,0.380658,341.021
1.8,0.0987383,0.387971,342.846
1.81,0.0715734,0.394973,344.669
1.82,0.0443729,0.401651,346.49
1.83,0.0171773,0.407996,348.309
1.84,-0.00997322,0.413996,350.126
1.85,-0.0370388,0.419638,351.941
1.86,-0.0639801,0.42491,353.754
1.87,-0.0907582,0.429799,355.565
1.88,-0.117335,0.434294,357.374
1.89,-0.143672,0.438382,359.181
1.9,-0.169734,0.442049,360.986
1.91,-0.195483,0.445283,362.789
1.92,-0.220886,0.448071,364.59
1.93,-0.245907,0.450399,366.39
1.94,-0.270513,0.452256,368.187
1.95,-0.294673,0.453629,369.983
1.96,-0.318355,0.454504,371.777
1.97,-0.341529,0.454871,373.569
1.98,-0.364167,0.454716,375.359
1.99,-0.386242,0.454029,377.148
2,-0.407727,0.452798,378.935
2.01,-0.428598,0.451012,380.721
2.02,-0.448831,0.448662,382.505
2.03,-0.468405,0.445737,384.287
2.04,-0.4873,0.442229,386.068
2.05,-0.505496,0.438128,387.847
2.06,-0.522975,0.433428,389.625
2.07,-0.539723,0.42812,391.402
2.08,-0.555725,0.4222,393.177
2.09,-0.570967,0.415662,394.951
2.1,-0.585438,0.4085,396.724
2.11,-0.599129,0.400713,398.495
2.12,-0.612031,0.392297,400.266
2.13,-0.624137,0.38325,402.035
2.14,-0.635442,0.373573,403.803
2.15,-0.645942,0.363267,405.57
2.16,-0.655635,0.352332,407.337
2.17,-0.66452,0.340772,409.102
2.18,-0.672598,0.328591,410.866
2.19,-0.679869,0.315795,412.63
2.2,-0.686338,0.30239,414.393
2.21,-0.692008,0.288385,416.155
2.22,-0.696886,0.273788,417.916
2.23,-0.700979,0.258609,419.677
2.24,-0.704294,0.242862,421.437
2.25,-0.706842,0.226558,423.197
2.26,-0.708632,0.209712,424.956
2.27,-0.709676,0.192341,426.714
2.28,-0.709987,0.17446,428.472
2.29,-0.709577,0.156089,430.23
2.3,-0.708461,0.137246,431.987
2.31,-0.706655,0.117953,433.744
2.32,-0.704173,0.0982321,435.501
2.33,-0.701033,0.0781061,437.258
2.34,-0.697251,0.0575996,439.014
2.35,-0.692846,0.0367383,440.77
2.36,-0.687835,0.015549,442.526
2.37,-0.682237,-0.00594048,444.282
2.38,-0.676072,-0.0277013,446.038
2.39,-0.669358,-0.0497036,447.793
2.4,-0.662116,-0.0719165,449.549
2.41,-0.654365,-0.0943083,451.304
2.42,-0.646125,-0.116847,453.06
2.43,-0.637417,-0.139498,454.815
2.44,-0.628261,-0.162228,456.571
2.45,-0.618677,-0.185003,458.326
2.46,-0.608685,-0.207787,460.082
2.47,-0.598306,-0.230544,461.838
2.48,-0.587558,-0.253238,463.593
2.49,-0.576462,-0.275832,465.349
2.5,-0.565036,-0.29829,467.105
2.51,-0.553301,-0.320575,468.861
2.52,-0.541275,-0.342648,470.616
2.53,-0.528976,-0.364474,472.372
2.54,-0.516423,-0.386013,474.128
2.55,-0.503631,-0.407231,475.885
2.56,-0.49062,-0.428088,477.641
2.57,-0.477405,-0.448549,479.397
2.58,-0.464002,-0.468577,481.153
2.59,-0.450426,-0.488135,482.909
2.6,-0.436693,-0.50719,484.665
2.61,-0.422817,-0.525705,486.421
2.62,-0.408811,-0.543646,488.177
2.63,-0.394689,-0.56098,489.933
2.64,-0.380463,-0.577674,491.688
2.65,-0.366145,-0.593696,493.444
2.66,-0.351747,-0.609016,495.199
2.67,-0.337278,-0.623603,496.955
2.68,-0.322749,-0.63743,498.709
2.69,-0.30817,-0.650468,500.464
2.7,-0.293548,-0.662692,502.218
2.71,-0.278894,-0.674076,503.973
2.72,-0.264214,-0.684597,505.726
2.73,-0.249515,-0.694233,507.479
2.74,-0.234805,-0.702963,509.232
2.75,-0.220089,-0.710768,510.984
2.76,-0.205373,-0.717632,512.736
2.77,-0.190663,-0.723537,514.487
2.78,-0.175964,-0.72847,516.238
2.79,-0.16128,-0.732418,517.987
2.8,-0.146615,-0.735371,519.736
2.81,-0.131973,-0.73732,521.485
2.82,-0.117358,-0.738257,523.232
2.83,-0.102773,-0.738178,524.979
2.84,-0.0882221,-0.737078,526.725
2.85,-0.0737073,-0.734956,528.469
2.86,-0.0592319,-0.731813,530.213
2.87,-0.0447988,-0.72765,531.956
2.88,-0.0304106,-0.722471,533.698
2.89,-0.0160703,-0.716282,535.438
2.9,-0.00178055,-0.70909,537.177
2.91,0.0124556,-0.700905,538.915
2.92,0.0266352,-0.691738,540.652
2.93,0.0407552,-0.681602,542.388
2.94,0.054812,-0.670512,544.122
2.95,0.0688023,-0.658484,545.855
2.96,0.0827221,-0.645536,547.586
2.97,0.0965674,-0.631687,549.316
2.98,0.110334,-0.61696,551.044
2.99,0.124016,-0.601377,552.771
3,0.13761,-0.584961,554.496
3.01,0.15111,-0.56774,556.219
3.02,0.164509,-0.549741,557.941
3.03,0.177801,-0.530991,559.661
3.04,0.19098,-0.51152,561.379
3.05,0.204037,-0.49136,563.096
3.06,0.216966,-0.470542,564.811
3.07,0.229758,-0.4491,566.523
3.08,0.242403,-0.427068,568.234
3.09,0.254894,-0.40448,569.944
3.1,0.267218,-0.381372,571.651
3.11,0.279367,-0.357782,573.356
3.12,0.29133,-0.333745,575.059
3.13,0.303094,-0.3093,576.761
3.14,0.314647,-0.284486,578.46
3.15,0.325979,-0.25934,580.158
3.16,0.337074,-0.233902,581.853
3.17,0.347921,-0.208212,583.547
3.18,0.358504,-0.182307,585.238
3.19,0.368811,-0.156229,586.927
3.2,0.378826,-0.130016,588.615
3.21,0.388534,-0.103708,590.3
3.22,0.397919,-0.0773444,591.984
3.23,0.406967,-0.0509634,593.665
3.24,0.415661,-0.024604,595.344
3.25,0.423985,0.00169552,597.022
3.26,0.431922,0.0278975,598.697
3.27,0.439457,0.0539648,600.37
3.28,0.446572,0.0798608,602.042
3.29,0.453252,0.10555,603.711
3.3,0.459478,0.130997,605.379
3.31,0.465236,0.156167,607.044
3.32,0.470508,0.181028,608.708
3.33,0.475277,0.205547,610.37
3.34,0.479529,0.229693,612.03
3.35,0.483247,0.253435,613.688
3.36,0.486415,0.276745,615.345
3.37,0.489018,0.299594,617
3.38,0.491043,0.321955,618.653
3.39,0.492473,0.343803,620.304
3.4,0.493297,0.365114,621.954
3.41,0.4935,0.385865,623.602
3.42,0.49307,0.406034,625.248
3.43,0.491996,0.425601,626.893
3.44,0.490266,0.444547,628.537
3.45,0.487872,0.462854,630.179
3.46,0.484802,0.480507,631.819
3.47,0.481049,0.497491,633.459
3.48,0.476607,0.513793,635.097
3.49,0.471467,0.529401,636.733
3.5,0.465626,0.544304,638.369
3.51,0.459079,0.558494,640.003
3.52,0.451823,0.571963,641.636
3.53,0.443856,0.584705,643.268
3.54,0.435178,0.596715,644.899
3.55,0.425789,0.607989,646.529
3.56,0.415692,0.618526,648.158
3.57,0.40489,0.628325,649.786
3.58,0.393388,0.637386,651.414
3.59,0.381191,0.645711,653.04
3.6,0.368307,0.653303,654.666
3.61,0.354746,0.660166,656.291
3.62,0.340516,0.666304,657.915
3.63,0.32563,0.671725,659.539
3.64,0.310101,0.676434,661.162
3.65,0.293943,0.680442,662.784
3.66,0.277173,0.683756,664.406
3.67,0.259807,0.686387,666.028
3.68,0.241865,0.688346,667.649
3.69,0.223365,0.689644,669.27
3.7,0.204331,0.690294,670.89
3.71,0.184784,0.690308,672.51
3.72,0.164749,0.689701,674.13
3.73,0.14425,0.688486,675.749
3.74,0.123316,0.686678,677.369
3.75,0.101972,0.684292,678.988
3.76,0.0802483,0.681344,680.607
3.77,0.0581749,0.677849,682.226
3.78,0.0357828,0.673823,683.845
3.79,0.013104,0.669283,685.463
3.8,-0.00982849,0.664245,687.082
3.81,-0.0329807,0.658726,688.701
3.82,-0.0563179,0.652742,690.319
3.83,-0.0798045,0.646309,691.938
3.84,-0.103404,0.639444,693.557
3.85,-0.127081,0.632164,695.175
3.86,-0.150796,0.624485,696.794
3.87,-0.174513,0.616423,698.413
3.88,-0.198193,0.607994,700.032
3.89,-0.221797,0.599213,701.651
3.9,-0.245287,0.590095,703.27
3.91,-0.268624,0.580656,704.889
3.92,-0.291768,0.570911,706.508
3.93,-0.314681,0.560873,708.127
3.94,-0.337323,0.550556,709.746
3.95,-0.359657,0.539973,711.365
3.96,-0.381642,0.529138,712.984
3.97,-0.403242,0.518063,714.603
3.98,-0.424418,0.50676,716.223
3.99,-0.445134,0.49524,717.842
4,-0.465351,0.483514,719.461
4.01,-0.485035,0.471592,721.08
4.02,-0.504151,0.459485,722.699
4.03,-0.522663,0.447202,724.318
4.04,-0.540538,0.43475,725.937
4.05,-0.557744,0.42214,727.556
4.06,-0.57425,0.409378,729.174
4.07,-0.590024,0.396472,730.792
4.08,-0.605038,0.383428,732.41
4.09,-0.619265,0.370254,734.028
4.1,-0.632676,0.356955,735.645
4.11,-0.645248,0.343536,737.262
4.12,-0.656957,0.330003,738.879
4.13,-0.66778,0.31636,740.495
4.14,-0.677696,0.302612,742.111
4.15,-0.686687,0.288763,743.726
4.16,-0.694736,0.274816,745.341
4.17,-0.701826,0.260776,746.955
4.18,-0.707943,0.246645,748.568
4.19,-0.713076,0.232427,750.181
4.2,-0.717214,0.218125,751.793
4.21,-0.720347,0.203741,753.404
4.22,-0.72247,0.189279,755.014
4.23,-0.723577,0.174741,756.624
4.24,-0.723665,0.16013,758.232
4.25,-0.722733,0.14545,759.84
4.26,-0.72078,0.130702,761.446
4.27,-0.717811,0.11589,763.052
4.28,-0.713827,0.101018,764.656
4.29,-0.708837,0.086088,766.26
4.3,-0.702847,0.0711048,767.862
4.31,-0.695867,0.0560719,769.462
4.32,-0.687909,0.0409937,771.062
4.33,-0.678986,0.0258748,772.66
4.34,-0.669111,0.0107201,774.257
4.35,-0.658303,-0.00446481,775.852
4.36,-0.646579,-0.0196742,777.446
4.37,-0.633959,-0.0349018,779.039
4.38,-0.620464,-0.0501408,780.629
4.39,-0.606116,-0.0653838,782.219
4.4,-0.590941,-0.0806231,783.806
4.41,-0.574963,-0.0958501,785.392
4.42,-0.558209,-0.111056,786.977
4.43,-0.540707,-0.126231,788.559
4.44,-0.522487,-0.141365,790.14
4.45,-0.503579,-0.156448,791.719
4.46,-0.484014,-0.171467,793.296
4.47,-0.463825,-0.186412,794.872
4.48,-0.443045,-0.201268,796.445
4.49,-0.421708,-0.216024,798.017
4.5,-0.399848,-0.230666,799.587
4.51,-0.377502,-0.245178,801.154
4.52,-0.354705,-0.259546,802.72
4.53,-0.331494,-0.273755,804.284
4.54,-0.307905,-0.287788,805.846
4.55,-0.283976,-0.301628,807.406
4.56,-0.259745,-0.315259,808.964
4.57,-0.235249,-0.328663,810.52
4.58,-0.210526,-0.341821,812.074
4.59,-0.185613,-0.354716,813.625
4.6,-0.160549,-0.367329,815.175
4.61,-0.13537,-0.37964,816.723
4.62,-0.110115,-0.391629,818.269
4.63,-0.08482,-0.403278,819.813
4.64,-0.0595215,-0.414566,821.354
4.65,-0.0342559,-0.425472,822.894
4.66,-0.00905877,-0.435977,824.432
4.67,0.0160349,-0.446061,825.968
4.68,0.0409907,-0.455703,827.502
4.69,0.0657751,-0.464882,829.034
4.7,0.0903552,-0.47358,830.564
4.71,0.114699,-0.481774,832.092
4.72,0.138776,-0.489447,833.618
4.73,0.162555,-0.496578,835.143
4.74,0.186007,-0.503148,836.665
4.75,0.209105,-0.509138,838.186
4.76,0.231821,-0.51453,839.705
4.77,0.254129,-0.519307,841.222
4.78,0.276005,-0.52345,842.738
4.79,0.297426,-0.526944,844.252
4.8,0.318369,-0.529772,845.764
4.81,0.338812,-0.531919,847.275
4.82,0.358737,-0.533372,848.784
4.83,0.378124,-0.534116,850.291
4.84,0.396958,-0.534138,851.798
4.85,0.415221,-0.533429,853.302
4.86,0.432899,-0.531976,854.806
4.87,0.449979,-0.52977,856.308
4.88,0.466449,-0.526804,857.808
4.89,0.482298,-0.52307,859.308
4.9,0.497518,-0.518563,860.806
4.91,0.5121,-0.513277,862.303
4.92,0.526037,-0.507209,863.799
4.93,0.539323,-0.500358,865.293
4.94,0.551956,-0.492723,866.787
4.95,0.56393,-0.484304,868.28
4.96,0.575245,-0.475105,869.772
4.97,0.5859,-0.465128,871.263
4.98,0.595895,-0.454379,872.753
4.99,0.605231,-0.442865,874.242
5,0.613911,-0.430593,875.731
5.01,0.621938,-0.417575,877.219
5.02,0.629316,-0.40382,878.706
5.03,0.636052,-0.389341,880.192
5.04,0.642151,-0.374154,881.678
5.05,0.647619,-0.358273,883.164
5.06,0.652465,-0.341716,884.649
5.07,0.656697,-0.324502,886.133
5.08,0.660324,-0.30665,887.617
5.09,0.663356,-0.288183,889.101
5.1,0.665803,-0.269124,890.585
5.11,0.667675,-0.249497,892.068
5.12,0.668984,-0.229328,893.551
5.13,0.669741,-0.208644,895.033
5.14,0.669959,-0.187474,896.516
5.15,0.669649,-0.165846,897.998
5.16,0.668823,-0.143792,899.48
5.17,0.667495,-0.121344,900.962
5.18,0.665677,-0.0985343,902.444
5.19,0.663382,-0.0753972,903.926
5.2,0.660623,-0.0519675,905.408
5.21,0.657412,-0.028281,906.889
5.22,0.653763,-0.00437413,908.371
5.23,0.649688,0.0197157,909.853
5.24,0.645199,0.0439506,911.335
5.25,0.64031,0.068292,912.816
5.26,0.635031,0.092701,914.298
5.27,0.629376,0.117138,915.78
5.28,0.623356,0.141563,917.262
5.29,0.616982,0.165937,918.744
5.3,0.610265,0.190218,920.226
5.31,0.603216,0.214367,921.709
5.32,0.595845,0.238343,923.191
5.33,0.588163,0.262106,924.673
5.34,0.580178,0.285616,926.155
5.35,0.571899,0.308833,927.638
5.36,0.563336,0.331717,929.12
5.37,0.554496,0.35423,930.602
5.38,0.545387,0.376332,932.085
5.39,0.536017,0.397985,933.567
5.4,0.526392,0.419153,935.049
5.41,0.516518,0.439799,936.532
5.42,0.506402,0.459886,938.014
5.43,0.49605,0.47938,939.496
5.44,0.485465,0.498248,940.978
5.45,0.474654,0.516455,942.459
5.46,0.463619,0.533971,943.941
5.47,0.452366,0.550765,945.422
5.48,0.440898,0.566807,946.903
5.49,0.429218,0.58207,948.384
5.5,0.417329,0.596528,949.864
5.51,0.405234,0.610154,951.344
5.52,0.392936,0.622926,952.824
5.53,0.380436,0.634822,954.303
5.54,0.367738,0.645821,955.782
5.55,0.354842,0.655903,957.26
5.56,0.341751,0.665053,958.737
5.57,0.328467,0.673254,960.214
5.58,0.314992,0.680494,961.691
5.59,0.301327,0.686759,963.166
5.6,0.287475,0.69204,964.641
5.61,0.273437,0.696329,966.115
5.62,0.259215,0.699619,967.588
5.63,0.244813,0.701905,969.061
5.64,0.230232,0.703185,970.532
5.65,0.215475,0.703457,972.002
5.66,0.200546,0.702722,973.472
5.67,0.185447,0.700984,974.94
5.68,0.170183,0.698245,976.407
5.69,0.154758,0.694513,977.873
5.7,0.139177,0.689796,979.338
5.71,0.123444,0.684103,980.801
5.72,0.107565,0.677446,982.263
5.73,0.0915464,0.669838,983.724
5.74,0.075395,0.661293,985.184
5.75,0.0591179,0.651829,986.642
5.76,0.0427232,0.641462,988.098
5.77,0.0262192,0.630213,989.553
5.78,0.00961539,0.618102,991.007
5.79,-0.00707851,0.605152,992.459
5.8,-0.0238519,0.591385,993.909
5.81,-0.0406934,0.576828,995.357
5.82,-0.0575912,0.561507,996.804
5.83,-0.0745325,0.545448,998.249
5.84,-0.0915038,0.52868,999.693
5.85,-0.108491,0.511232,1001.13
5.86,-0.12548,0.493135,1002.57
5.87,-0.142454,0.47442,1004.01
5.88,-0.159397,0.455118,1005.45
5.89,-0.176293,0.435264,1006.88
5.9,-0.193123,0.414889,1008.31
5.91,-0.20987,0.394028,1009.74
5.92,-0.226514,0.372716,1011.17
5.93,-0.243037,0.350987,1012.6
5.94,-0.259417,0.328876,1014.02
5.95,-0.275635,0.306418,1015.45
5.96,-0.291669,0.28365,1016.87
5.97,-0.307497,0.260607,1018.28
5.98,-0.323098,0.237324,1019.7
5.99,-0.338449,0.213837,1021.12
6,-0.353528,0.190182,1022.53
6.01,-0.36831,0.166393,1023.94
6.02,-0.382773,0.142506,1025.35
6.03,-0.396893,0.118555,1026.75
6.04,-0.410646,0.0945747,1028.16
6.05,-0.424009,0.0705983,1029.56
6.06,-0.436958,0.046659,1030.96
6.07,-0.449468,0.0227893,1032.36
6.08,-0.461516,-0.000979043,1033.75
6.09,-0.473079,-0.0246149,1035.15
6.1,-0.484133,-0.0480881,1036.54
6.11,-0.494654,-0.0713692,1037.93
6.12,-0.504621,-0.0944297,1039.32
6.13,-0.51401,-0.117242,1040.71
6.14,-0.522799,-0.139779,1042.09
6.15,-0.530968,-0.162016,1043.48
6.16,-0.538494,-0.183928,1044.86
6.17,-0.545359,-0.205491,1046.24
6.18,-0.551542,-0.226684,1047.61
6.19,-0.557026,-0.247485,1048.99
6.2,-0.561791,-0.267873,1050.37
6.21,-0.565821,-0.28783,1051.74
6.22,-0.5691,-0.307339,1053.11
6.23,-0.571613,-0.326382,1054.48
6.24,-0.573347,-0.344944,1055.85
6.25,-0.574288,-0.363011,1057.22
6.26,-0.574424,-0.380571,1058.58
6.27,-0.573747,-0.397611,1059.95
6.28,-0.572246,-0.41412,1061.31
6.29,-0.569913,-0.430091,1062.67
6.3,-0.566743,-0.445513,1064.03
6.31,-0.562731,-0.46038,1065.39
6.32,-0.557873,-0.474686,1066.75
6.33,-0.552166,-0.488426,1068.11
6.34,-0.545611,-0.501596,1069.47
6.35,-0.538209,-0.514194,1070.82
6.36,-0.529962,-0.526217,1072.18
6.37,-0.520874,-0.537665,1073.53
6.38,-0.510951,-0.548538,1074.88
6.39,-0.500201,-0.558837,1076.24
6.4,-0.488632,-0.568563,1077.59
6.41,-0.476255,-0.577719,1078.94
6.42,-0.463083,-0.586309,1080.29
6.43,-0.449128,-0.594337,1081.64
6.44,-0.434406,-0.601808,1082.99
6.45,-0.418935,-0.608726,1084.34
6.46,-0.402733,-0.615099,1085.68
6.47,-0.385819,-0.620932,1087.03
6.48,-0.368216,-0.626233,1088.38
6.49,-0.349946,-0.631009,1089.72
6.5,-0.331034,-0.635268,1091.07
6.51,-0.311506,-0.639019,1092.42
6.52,-0.29139,-0.642268,1093.76
6.53,-0.270713,-0.645027,1095.11
6.54,-0.249506,-0.647302,1096.45
6.55,-0.227799,-0.649104,1097.8
6.56,-0.205626,-0.650441,1099.15
6.57,-0.18302,-0.651323,1100.49
6.58,-0.160014,-0.651759,1101.84
6.59,-0.136644,-0.651758,1103.18
6.6,-0.112948,-0.651329,1104.53
6.61,-0.0889611,-0.65048,1105.87
6.62,-0.0647222,-0.649222,1107.21
6.63,-0.0402697,-0.647563,1108.56
6.64,-0.015643,-0.64551,1109.9
6.65,0.00911825,-0.643073,1111.25
6.66,0.0339737,-0.640258,1112.59
6.67,0.0588829,-0.637075,1113.94
6.68,0.0838048,-0.633529,1115.28
6.69,0.108698,-0.629629,1116.63
6.7,0.133522,-0.62538,1117.98
6.71,0.158235,-0.620789,1119.32
6.72,0.182797,-0.615862,1120.67
6.73,0.207165,-0.610604,1122.01
6.74,0.231299,-0.60502,1123.36
6.75,0.255159,-0.599116,1124.7
6.76,0.278705,-0.592894,1126.05
6.77,0.301896,-0.58636,1127.39
6.78,0.324695,-0.579517,1128.74
6.79,0.347062,-0.572367,1130.08
6.8,0.36896,-0.564914,1131.43
6.81,0.390352,-0.55716,1132.78
6.82,0.411203,-0.549107,1134.12
6.83,0.431476,-0.540757,1135.47
6.84,0.45114,-0.532111,1136.81
6.85,0.47016,-0.52317,1138.16
6.86,0.488505,-0.513936,1139.5
6.87,0.506145,-0.504408,1140.84
6.88,0.52305,-0.494588,1142.19
6.89,0.539194,-0.484475,1143.53
6.9,0.554549,-0.47407,1144.88
6.91,0.569092,-0.463373,1146.22
6.92,0.582798,-0.452384,1147.56
6.93,0.595647,-0.441103,1148.9
6.94,0.607618,-0.429529,1150.24
6.95,0.618693,-0.417664,1151.59
6.96,0.628855,-0.405507,1152.93
6.97,0.638089,-0.393058,1154.27
6.98,0.646383,-0.380319,1155.61
6.99,0.653724,-0.367289,1156.94
7,0.660103,-0.353969,1158.28
7.01,0.665512,-0.340361,1159.62
7.02,0.669944,-0.326466,1160.95
7.03,0.673397,-0.312287,1162.29
7.04,0.675867,-0.297826,1163.62
7.05,0.677353,-0.283085,1164.96
7.06,0.677856,-0.268068,1166.29
7.07,0.67738,-0.252778,1167.62
7.08,0.675929,-0.237221,1168.95
7.09,0.673509,-0.221401,1170.28
7.1,0.670129,-0.205324,1171.61
7.11,0.665798,-0.188997,1172.93
7.12,0.660527,-0.172425,1174.26
7.13,0.654329,-0.155617,1175.58
7.14,0.64722,-0.138582,1176.9
7.15,0.639214,-0.121329,1178.22
7.16,0.630329,-0.103868,1179.54
7.17,0.620585,-0.0862086,1180.86
7.18,0.610002,-0.0683639,1182.18
7.19,0.5986,-0.0503459,1183.49
7.2,0.586404,-0.0321678,1184.8
7.21,0.573436,-0.0138437,1186.11
7.22,0.559723,0.00461131,1187.42
7.23,0.545289,0.0231816,1188.73
7.24,0.530163,0.0418504,1190.04
7.25,0.514373,0.0606005,1191.34
7.26,0.497946,0.0794136,1192.64
7.27,0.480914,0.0982706,1193.94
7.28,0.463306,0.117152,1195.24
7.29,0.445153,0.136037,1196.54
7.3,0.426487,0.154904,1197.83
7.31,0.407339,0.173732,1199.13
7.32,0.387743,0.192497,1200.42
7.33,0.36773,0.211177,1201.71
7.34,0.347334,0.229748,1202.99
7.35,0.326588,0.248185,1204.28
7.36,0.305524,0.266463,1205.56
7.37,0.284177,0.284557,1206.84
7.38,0.262578,0.302442,1208.12
7.39,0.240762,0.32009,1209.4
7.4,0.218761,0.337475,1210.67
7.41,0.196606,0.354571,1211.94
7.42,0.174332,0.371351,1213.22
7.43,0.151969,0.387787,1214.48
7.44,0.129548,0.403853,1215.75
7.45,0.107101,0.41952,1217.02
7.46,0.0846572,0.434762,1218.28
7.47,0.0622467,0.449552,1219.54
7.48,0.0398982,0.463863,1220.8
7.49,0.01764,0.477668,1222.05
7.5,-0.00450075,0.490941,1223.31
7.51,-0.0264974,0.503656,1224.56
7.52,-0.0483242,0.515787,1225.81
7.53,-0.0699565,0.527309,1227.06
7.54,-0.0913705,0.538198,1228.31
7.55,-0.112543,0.548429,1229.56
7.56,-0.133453,0.557981,1230.8
7.57,-0.154078,0.566831,1232.04
7.58,-0.1744,0.574956,1233.28
7.59,-0.194398,0.582338,1234.52
7.6,-0.214057,0.588955,1235.76
7.61,-0.233358,0.594791,1237
7.62,-0.252287,0.599826,1238.23
7.63,-0.270828,0.604046,1239.46
7.64,-0.288969,0.607435,1240.69
7.65,-0.306697,0.609979,1241.93
7.66,-0.324,0.611666,1243.15
7.67,-0.340868,0.612485,1244.38
7.68,-0.357293,0.612427,1245.61
7.69,-0.373266,0.611482,1246.83
7.7,-0.388779,0.609645,1248.06
7.71,-0.403827,0.606911,1249.28
7.72,-0.418404,0.603275,1250.5
7.73,-0.432506,0.598736,1251.72
7.74,-0.446129,0.593294,1252.94
7.75,-0.45927,0.586949,1254.16
7.76,-0.471929,0.579705,1255.38
7.77,-0.484103,0.571566,1256.59
7.78,-0.495793,0.562539,1257.81
7.79,-0.506999,0.552632,1259.02
7.8,-0.517722,0.541854,1260.24
7.81,-0.527964,0.530217,1261.45
7.82,-0.537727,0.517733,1262.66
7.83,-0.547015,0.504418,1263.88
7.84,-0.555829,0.490287,1265.09
7.85,-0.564175,0.475359,1266.3
7.86,-0.572056,0.459654,1267.51
7.87,-0.579476,0.443192,1268.72
7.88,-0.586442,0.425997,1269.93
7.89,-0.592957,0.408091,1271.14
7.9,-0.599027,0.389502,1272.35
7.91,-0.604657,0.370257,1273.56
7.92,-0.609854,0.350382,1274.77
7.93,-0.614623,0.32991,1275.98
7.94,-0.618969,0.30887,1277.19
7.95,-0.622898,0.287295,1278.39
7.96,-0.626416,0.265219,1279.6
7.97,-0.629529,0.242675,1280.81
7.98,-0.632242,0.2197,1282.02
7.99,-0.63456,0.19633,1283.23
8,-0.636489,0.172602,1284.43
8.01,-0.638033,0.148555,1285.64
8.02,-0.639197,0.124227,1286.85
8.03,-0.639986,0.0996585,1288.06
8.04,-0.640404,0.0748888,1289.27
8.05,-0.640455,0.0499587,1290.48
8.06,-0.640141,0.0249093,1291.68
8.07,-0.639468,-0.00021821,1292.89
8.08,-0.638436,-0.0253823,1294.1
8.09,-0.63705,-0.0505413,1295.31
8.1,-0.63531,-0.0756536,1296.52
8.11,-0.633219,-0.100678,1297.72
8.12,-0.630779,-0.125571,1298.93
8.13,-0.627989,-0.150294,1300.14
8.14,-0.624851,-0.174805,1301.35
8.15,-0.621365,-0.199062,1302.56
8.16,-0.617531,-0.223027,1303.77
8.17,-0.613349,-0.246659,1304.98
8.18,-0.608818,-0.26992,1306.19
8.19,-0.603936,-0.292771,1307.39
8.2,-0.598703,-0.315174,1308.6
8.21,-0.593117,-0.337094,1309.81
8.22,-0.587177,-0.358495,1311.02
8.23,-0.580879,-0.379342,1312.23
8.24,-0.574222,-0.399601,1313.44
8.25,-0.567204,-0.419241,1314.64
8.26,-0.559822,-0.43823,1315.85
8.27,-0.552074,-0.456539,1317.06
8.28,-0.543957,-0.474138,1318.27
8.29,-0.535468,-0.491002,1319.47
8.3,-0.526605,-0.507103,1320.68
8.31,-0.517365,-0.522419,1321.88
8.32,-0.507747,-0.536927,1323.09
8.33,-0.497747,-0.550606,1324.29
8.34,-0.487364,-0.563436,1325.5
8.35,-0.476596,-0.575399,1326.7
8.36,-0.465441,-0.58648,1327.91
8.37,-0.453899,-0.596665,1329.11
8.38,-0.441968,-0.60594,1330.31
8.39,-0.429649,-0.614295,1331.51
8.4,-0.41694,-0.621721,1332.71
8.41,-0.403844,-0.62821,1333.91
8.42,-0.39036,-0.633757,1335.11
8.43,-0.376491,-0.638358,1336.31
8.44,-0.362239,-0.64201,1337.51
8.45,-0.347607,-0.644714,1338.7
8.46,-0.332599,-0.64647,1339.9
8.47,-0.317219,-0.647281,1341.09
8.48,-0.301472,-0.647153,1342.28
8.49,-0.285364,-0.646092,1343.48
8.5,-0.268901,-0.644105,1344.67
8.51,-0.252093,-0.641202,1345.85
8.52,-0.234946,-0.637394,1347.04
8.53,-0.217471,-0.632693,1348.23
8.54,-0.199677,-0.627115,1349.41
8.55,-0.181576,-0.620673,1350.6
8.56,-0.16318,-0.613386,1351.78
8.57,-0.144502,-0.60527,1352.96
8.58,-0.125556,-0.596346,1354.14
8.59,-0.106357,-0.586634,1355.31
8.6,-0.0869206,-0.576156,1356.49
8.61,-0.0672642,-0.564933,1357.66
8.62,-0.0474054,-0.552991,1358.84
8.63,-0.0273629,-0.540354,1360.01
8.64,-0.00715645,-0.527046,1361.17
8.65,0.0131935,-0.513096,1362.34
8.66,0.0336654,-0.498529,1363.51
8.67,0.054237,-0.483373,1364.67
8.68,0.0748851,-0.467657,1365.83
8.69,0.0955859,-0.451409,1366.99
8.7,0.116315,-0.434659,1368.15
8.71,0.137046,-0.417437,1369.3
8.72,0.157753,-0.399771,1370.45
8.73,0.17841,-0.381693,1371.61
8.74,0.198989,-0.363232,1372.75
8.75,0.219463,-0.344419,1373.9
8.76,0.239802,-0.325285,1375.05
8.77,0.259978,-0.305859,1376.19
8.78,0.279961,-0.286171,1377.33
8.79,0.299723,-0.266253,1378.47
8.8,0.319233,-0.246132,1379.61
8.81,0.338461,-0.22584,1380.74
8.82,0.357376,-0.205404,1381.88
8.83,0.375949,-0.184853,1383.01
8.84,0.394149,-0.164216,1384.14
8.85,0.411946,-0.14352,1385.26
8.86,0.429309,-0.122792,1386.39
8.87,0.446209,-0.102059,1387.51
8.88,0.462616,-0.081345,1388.63
8.89,0.4785,-0.0606764,1389.75
8.9,0.493833,-0.0400769,1390.87
8.91,0.508586,-0.01957,1391.99
8.92,0.522732,0.000821755,1393.1
8.93,0.536242,0.0210767,1394.21
8.94,0.549091,0.0411739,1395.32
8.95,0.561253,0.0610935,1396.43
8.96,0.572703,0.0808164,1397.54
8.97,0.583416,0.100324,1398.64
8.98,0.593369,0.119601,1399.74
8.99,0.602542,0.138629,1400.85
9,0.610912,0.157393,1401.95
9.01,0.61846,0.17588,1403.05
9.02,0.625167,0.194075,1404.14
9.03,0.631017,0.211967,1405.24
9.04,0.635994,0.229544,1406.33
9.05,0.640082,0.246796,1407.42
9.06,0.643269,0.263712,1408.52
9.07,0.645543,0.280284,1409.61
9.08,0.646895,0.296504,1410.69
9.09,0.647316,0.312365,1411.78
9.1,0.646799,0.327861,1412.87
9.11,0.645339,0.342987,1413.95
9.12,0.642932,0.357737,1415.04
9.13,0.639576,0.372109,1416.12
9.14,0.635272,0.386098,1417.2
9.15,0.630021,0.399702,1418.28
9.16,0.623827,0.41292,1419.36
9.17,0.616693,0.42575,1420.44
9.18,0.608628,0.438191,1421.52
9.19,0.59964,0.450243,1422.6
9.2,0.589739,0.461906,1423.68
9.21,0.578937,0.473181,1424.75
9.22,0.567248,0.48407,1425.83
9.23,0.554687,0.494573,1426.91
9.24,0.541272,0.504692,1427.98
9.25,0.527022,0.514428,1429.06
9.26,0.511957,0.523786,1430.13
9.27,0.496099,0.532765,1431.2
9.28,0.479471,0.54137,1432.28
9.29,0.462099,0.549602,1433.35
9.3,0.44401,0.557465,1434.42
9.31,0.425231,0.56496,1435.49
9.32,0.405792,0.57209,1436.57
9.33,0.385723,0.578859,1437.64
9.34,0.365056,0.585267,1438.71
9.35,0.343826,0.591318,1439.78
9.36,0.322064,0.597014,1440.85
9.37,0.299808,0.602355,1441.92
9.38,0.277094,0.607345,1442.99
9.39,0.253957,0.611985,1444.07
9.4,0.230437,0.616274,1445.14
9.41,0.206572,0.620216,1446.21
9.42,0.182402,0.623809,1447.28
9.43,0.157967,0.627054,1448.35
9.44,0.133306,0.629951,1449.42
9.45,0.108461,0.632499,1450.49
9.46,0.0834732,0.634698,1451.56
9.47,0.058384,0.636546,1452.64
9.48,0.0332351,0.638042,1453.71
9.49,0.008068,0.639183,1454.78
9.5,-0.0170755,0.639967,1455.85
9.51,-0.042154,0.640392,1456.92
9.52,-0.067126,0.640454,1457.99
9.53,-0.0919504,0.64015,1459.06
9.54,-0.116587,0.639476,1460.14
9.55,-0.140994,0.638428,1461.21
9.56,-0.165134,0.637001,1462.28
9.57,-0.188966,0.635192,1463.35
9.58,-0.212452,0.632995,1464.42
9.59,-0.235555,0.630404,1465.5
9.6,-0.258238,0.627416,1466.57
9.61,-0.280465,0.624024,1467.64
9.62,-0.3022,0.620223,1468.71
9.63,-0.323411,0.616006,1469.78
9.64,-0.344065,0.611369,1470.85
9.65,-0.36413,0.606306,1471.92
9.66,-0.383576,0.600811,1472.99
9.67,-0.402374,0.594878,1474.06
9.68,-0.420496,0.588501,1475.13
9.69,-0.437917,0.581677,1476.2
9.7,-0.454611,0.574398,1477.27
9.71,-0.470556,0.566661,1478.34
9.72,-0.485729,0.558461,1479.41
9.73,-0.500112,0.549793,1480.48
9.74,-0.513684,0.540653,1481.55
9.75,-0.52643,0.531039,1482.61
9.76,-0.538334,0.520947,1483.68
9.77,-0.549382,0.510374,1484.75
9.78,-0.559563,0.499319,1485.81
9.79,-0.568867,0.48778,1486.87
9.8,-0.577284,0.475757,1487.94
9.81,-0.584809,0.46325,1489
9.82,-0.591435,0.45026,1490.06
9.83,-0.59716,0.436787,1491.12
9.84,-0.601982,0.422835,1492.18
9.85,-0.6059,0.408407,1493.24
9.86,-0.608916,0.393506,1494.3
9.87,-0.611033,0.378138,1495.36
9.88,-0.612256,0.362309,1496.41
9.89,-0.612591,0.346025,1497.47
9.9,-0.612045,0.329295,1498.52
9.91,-0.610628,0.312127,1499.57
9.92,-0.60835,0.294532,1500.62
9.93,-0.605224,0.27652,1501.67
9.94,-0.601262,0.258104,1502.72
9.95,-0.596479,0.239296,1503.76
9.96,-0.590892,0.22011,1504.81
9.97,-0.584517,0.200563,1505.85
9.98,-0.577371,0.180669,1506.89
9.99,-0.569476,0.160448,1507.93
10,-0.56085,0.139917,1508.97
10.01,-0.551514,0.119095,1510
10.02,-0.541492,0.0980035,1511.04
10.03,-0.530805,0.0766639,1512.07
10.04,-0.519477,0.0550986,1513.1
10.05,-0.507533,0.0333312,1514.13
10.06,-0.494998,0.0113863,1515.16
10.07,-0.481896,-0.0107109,1516.18
10.08,-0.468253,-0.032934,1517.21
10.09,-0.454096,-0.055256,1518.23
10.1,-0.439452,-0.0776488,1519.25
10.11,-0.424347,-0.100084,1520.27
10.12,-0.408808,-0.122532,1521.28
10.13,-0.392863,-0.144963,1522.3
10.14,-0.376539,-0.167346,1523.31
10.15,-0.359862,-0.189651,1524.32
10.16,-0.342861,-0.211845,1525.32
10.17,-0.325561,-0.233896,1526.33
10.18,-0.307991,-0.255772,1527.33
10.19,-0.290176,-0.277441,1528.34
10.2,-0.272143,-0.29887,1529.34
10.21,-0.253918,-0.320025,1530.33
10.22,-0.235527,-0.340873,1531.33
10.23,-0.216994,-0.361381,1532.32
10.24,-0.198344,-0.381516,1533.31
10.25,-0.179601,-0.401245,1534.3
10.26,-0.160789,-0.420535,1535.29
10.27,-0.14193,-0.439355,1536.28
10.28,-0.123047,-0.457671,1537.26
10.29,-0.104161,-0.475452,1538.24
10.3,-0.0852925,-0.492667,1539.22
10.31,-0.0664621,-0.509285,1540.2
10.32,-0.0476889,-0.525277,1541.18
10.33,-0.0289913,-0.540613,1542.15
10.34,-0.010387,-0.555266,1543.12
10.35,0.00810709,-0.569207,1544.1
10.36,0.026475,-0.58241,1545.06
10.37,0.0447016,-0.59485,1546.03
10.38,0.0627723,-0.606502,1547
10.39,0.0806738,-0.617343,1547.96
10.4,0.0983932,-0.627352,1548.92
10.41,0.115919,-0.636507,1549.89
10.42,0.133239,-0.644789,1550.85
10.43,0.150345,-0.652181,1551.8
10.44,0.167225,-0.658665,1552.76
10.45,0.183872,-0.664227,1553.72
10.46,0.200278,-0.668854,1554.67
10.47,0.216434,-0.672533,1555.62
10.48,0.232336,-0.675254,1556.57
10.49,0.247976,-0.677009,1557.52
10.5,0.26335,-0.67779,1558.47
10.51,0.278453,-0.677593,1559.42
10.52,0.293281,-0.676415,1560.37
10.53,0.307831,-0.674253,1561.31
10.54,0.322099,-0.671108,1562.26
10.55,0.336083,-0.666982,1563.2
10.56,0.34978,-0.661877,1564.15
10.57,0.36319,-0.655801,1565.09
10.58,0.376311,-0.648761,1566.03
10.59,0.389141,-0.640764,1566.97
10.6,0.401681,-0.631823,1567.91
10.61,0.413928,-0.62195,1568.85
10.62,0.425885,-0.611159,1569.79
10.63,0.437549,-0.599466,1570.73
10.64,0.44892,-0.58689,1571.67
10.65,0.46,-0.57345,1572.6
10.66,0.470788,-0.559167,1573.54
10.67,0.481283,-0.544063,1574.48
10.68,0.491486,-0.528164,1575.41
10.69,0.501397,-0.511494,1576.35
10.7,0.511015,-0.494081,1577.28
10.71,0.520341,-0.475953,1578.22
10.72,0.529372,-0.457141,1579.15
10.73,0.538109,-0.437676,1580.09
10.74,0.546551,-0.41759,1581.02
10.75,0.554696,-0.396916,1581.96
10.76,0.562542,-0.375689,1582.89
10.77,0.570088,-0.353946,1583.83
10.78,0.577332,-0.331721,1584.76
10.79,0.58427,-0.309053,1585.7
10.8,0.590899,-0.285981,1586.63
10.81,0.597217,-0.262542,1587.56
10.82,0.60322,-0.238776,1588.5
10.83,0.608903,-0.214723,1589.43
10.84,0.614261,-0.190423,1590.37
10.85,0.619291,-0.165918,1591.3
10.86,0.623986,-0.141248,1592.24
10.87,0.628341,-0.116454,1593.17
10.88,0.632349,-0.0915771,1594.11
10.89,0.636005,-0.0666594,1595.04
10.9,0.639301,-0.0417416,1595.98
10.91,0.64223,-0.0168646,1596.91
10.92,0.644785,0.00793084,1597.84
10.93,0.646957,0.0326043,1598.78
10.94,0.648739,0.0571159,1599.71
10.95,0.650122,0.0814262,1600.65
10.96,0.651098,0.105496,1601.58
10.97,0.651658,0.129288,1602.52
10.98,0.651793,0.152764,1603.45
10.99,0.651493,0.175888,1604.39
11,0.65075,0.198624,1605.32
11.01,0.649555,0.220937,1606.26
11.02,0.647899,0.242793,1607.19
11.03,0.645771,0.26416,1608.13
11.04,0.643164,0.285007,1609.06
11.05,0.640068,0.305302,1610
11.06,0.636474,0.325018,1610.93
11.07,0.632374,0.344126,1611.86
11.08,0.627759,0.362599,1612.8
11.09,0.622623,0.380414,1613.73
11.1,0.616956,0.397546,1614.66
11.11,0.610752,0.413974,1615.59
11.12,0.604005,0.429676,1616.52
11.13,0.596707,0.444635,1617.46
11.14,0.588853,0.458831,1618.39
11.15,0.580439,0.472251,1619.32
11.16,0.57146,0.484878,1620.24
11.17,0.561912,0.496702,1621.17
11.18,0.551793,0.507709,1622.1
11.19,0.5411,0.517892,1623.03
11.2,0.529832,0.527242,1623.95
11.21,0.517988,0.535752,1624.88
11.22,0.50557,0.543419,1625.8
11.23,0.492579,0.550239,1626.73
11.24,0.479017,0.556211,1627.65
11.25,0.464888,0.561335,1628.57
11.26,0.450196,0.565611,1629.49
11.27,0.434947,0.569044,1630.41
11.28,0.419148,0.571638,1631.33
11.29,0.402807,0.573398,1632.25
11.3,0.385932,0.574332,1633.16
11.31,0.368535,0.574448,1634.08
11.32,0.350626,0.573757,1634.99
11.33,0.332218,0.57227,1635.9
11.34,0.313324,0.569999,1636.81
11.35,0.29396,0.566957,1637.72
11.36,0.274143,0.563159,1638.63
11.37,0.253888,0.558622,1639.53
11.38,0.233215,0.553361,1640.44
11.39,0.212144,0.547393,1641.34
11.4,0.190696,0.540739,1642.24
11.41,0.168891,0.533416,1643.14
11.42,0.146754,0.525445,1644.03
11.43,0.12431,0.516847,1644.93
11.44,0.101582,0.507642,1645.82
11.45,0.078597,0.497853,1646.71
11.46,0.0553831,0.487501,1647.6
11.47,0.031968,0.47661,1648.49
11.48,0.00838095,0.465203,1649.38
11.49,-0.0153481,0.453303,1650.26
11.5,-0.0391883,0.440933,1651.14
11.51,-0.0631081,0.428117,1652.02
11.52,-0.0870753,0.41488,1652.9
11.53,-0.111057,0.401245,1653.78
11.54,-0.13502,0.387235,1654.65
11.55,-0.158929,0.372876,1655.52
11.56,-0.182751,0.358189,1656.39
11.57,-0.206451,0.343199,1657.26
11.58,-0.229993,0.32793,1658.13
11.59,-0.253343,0.312403,1658.99
11.6,-0.276464,0.296641,1659.86
11.61,-0.299321,0.280668,1660.72
11.62,-0.321879,0.264503,1661.57
11.63,-0.344101,0.24817,1662.43
11.64,-0.365953,0.231688,1663.28
11.65,-0.387398,0.215078,1664.14
11.66,-0.408403,0.19836,1664.99
11.67,-0.428933,0.181552,1665.83
11.68,-0.448953,0.164673,1666.68
11.69,-0.46843,0.147741,1667.52
11.7,-0.487332,0.130773,1668.37
11.71,-0.505625,0.113786,1669.21
11.72,-0.523278,0.0967956,1670.05
11.73,-0.540262,0.0798162,1670.88
11.74,-0.556545,0.0628627,1671.72
11.75,-0.5721,0.0459485,1672.55
11.76,-0.586899,0.0290868,1673.38
11.77,-0.600915,0.0122896,1674.21
11.78,-0.614123,-0.00443156,1675.04
11.79,-0.626498,-0.0210658,1675.87
11.8,-0.638019,-0.0376031,1676.69
11.81,-0.648664,-0.054034,1677.52
11.82,-0.658412,-0.0703498,1678.34
11.83,-0.667247,-0.0865422,1679.16
11.84,-0.675149,-0.102604,1679.98
11.85,-0.682105,-0.118528,1680.8
11.86,-0.688101,-0.134308,1681.62
11.87,-0.693125,-0.149938,1682.43
11.88,-0.697166,-0.165413,1683.25
11.89,-0.700216,-0.180728,1684.06
11.9,-0.702268,-0.195879,1684.87
11.91,-0.703317,-0.210862,1685.68
11.92,-0.70336,-0.225674,1686.49
11.93,-0.702396,-0.24031,1687.3
11.94,-0.700424,-0.254769,1688.11
11.95,-0.697448,-0.269047,1688.91
11.96,-0.693471,-0.283142,1689.72
11.97,-0.6885,-0.297053,1690.53
11.98,-0.682542,-0.310776,1691.33
11.99,-0.675606,-0.324311,1692.13
12,-0.667704,-0.337655,1692.94
12.01,-0.65885,-0.350806,1693.74
12.02,-0.649057,-0.363762,1694.54
12.03,-0.638343,-0.376522,1695.34
12.04,-0.626726,-0.389083,1696.14
12.05,-0.614226,-0.401444,1696.94
12.06,-0.600865,-0.413602,1697.74
12.07,-0.586665,-0.425555,1698.54
12.08,-0.571651,-0.437299,1699.34
12.09,-0.555849,-0.448833,1700.14
12.1,-0.539287,-0.460153,1700.94
12.11,-0.521994,-0.471255,1701.74
12.12,-0.504,-0.482135,1702.54
12.13,-0.485335,-0.49279,1703.33
12.14,-0.466034,-0.503214,1704.13
12.15,-0.446128,-0.513404,1704.93
12.16,-0.425653,-0.523352,1705.73
12.17,-0.404645,-0.533054,1706.52
12.18,-0.383139,-0.542503,1707.32
12.19,-0.361173,-0.551693,1708.12
12.2,-0.338784,-0.560617,1708.92
12.21,-0.316012,-0.569266,1709.71
12.22,-0.292895,-0.577633,1710.51
12.23,-0.269472,-0.585709,1711.31
12.24,-0.245783,-0.593486,1712.11
12.25,-0.221869,-0.600953,1712.9
12.26,-0.19777,-0.608103,1713.7
12.27,-0.173525,-0.614923,1714.5
12.28,-0.149176,-0.621404,1715.3
12.29,-0.124762,-0.627534,1716.09
12.3,-0.100324,-0.633303,1716.89
12.31,-0.0759012,-0.638699,1717.69
12.32,-0.0515339,-0.64371,1718.49
12.33,-0.027261,-0.648324,1719.29
12.34,-0.00312112,-0.652528,1720.08
12.35,0.0208476,-0.656311,1720.88
12.36,0.0446075,-0.659659,1721.68
12.37,0.0681221,-0.662559,1722.48
12.38,0.0913551,-0.665,1723.28
12.39,0.114271,-0.666967,1724.07
12.4,0.136837,-0.668448,1724.87
12.41,0.159018,-0.669431,1725.67
12.42,0.180783,-0.669903,1726.47
12.43,0.202101,-0.66985,1727.26
12.44,0.222941,-0.669262,1728.06
12.45,0.243274,-0.668126,1728.86
12.46,0.263074,-0.66643,1729.66
12.47,0.282314,-0.664164,1730.45
12.48,0.300969,-0.661315,1731.25
12.49,0.319016,-0.657875,1732.04
12.5,0.336433,-0.653832,1732.84
12.51,0.353198,-0.649179,1733.63
12.52,0.369292,-0.643905,1734.43
12.53,0.384699,-0.638004,1735.22
12.54,0.399401,-0.631468,1736.02
12.55,0.413384,-0.624291,1736.81
12.56,0.426635,-0.616467,1737.6
12.57,0.439142,-0.607991,1738.39
12.58,0.450894,-0.598861,1739.18
12.59,0.461883,-0.589072,1739.97
12.6,0.472102,-0.578624,1740.76
12.61,0.481545,-0.567516,1741.55
12.62,0.490209,-0.555747,1742.34
12.63,0.498089,-0.543321,1743.12
12.64,0.505186,-0.530239,1743.91
12.65,0.511498,-0.516505,1744.69
12.66,0.517028,-0.502125,1745.48
12.67,0.521779,-0.487104,1746.26
12.68,0.525754,-0.471451,1747.04
12.69,0.528959,-0.455175,1747.82
12.7,0.531401,-0.438285,1748.6
12.71,0.533088,-0.420793,1749.37
12.72,0.534028,-0.402712,1750.15
12.73,0.534233,-0.384057,1750.92
12.74,0.533713,-0.364842,1751.7
12.75,0.53248,-0.345084,1752.47
12.76,0.530548,-0.324801,1753.24
12.77,0.52793,-0.304013,1754.01
12.78,0.524642,-0.282741,1754.77
12.79,0.520699,-0.261006,1755.54
12.8,0.516118,-0.238831,1756.3
12.81,0.510915,-0.21624,1757.06
12.82,0.505109,-0.19326,1757.82
12.83,0.498717,-0.169917,1758.58
12.84,0.491759,-0.146238,1759.33
12.85,0.484252,-0.122252,1760.09
12.86,0.476217,-0.0979899,1760.84
12.87,0.467674,-0.0734813,1761.59
12.88,0.458641,-0.0487583,1762.34
12.89,0.44914,-0.0238535,1763.09
12.9,0.439191,0.00119967,1763.83
12.91,0.428814,0.0263672,1764.57
12.92,0.418029,0.0516142,1765.31
12.93,0.406857,0.0769053,1766.05
12.94,0.395318,0.102204,1766.79
12.95,0.383431,0.127475,1767.52
12.96,0.371217,0.152681,1768.26
12.97,0.358695,0.177784,1768.99
12.98,0.345885,0.202747,1769.72
12.99,0.332805,0.227533,1770.44
13,0.319474,0.252103,1771.17
13.01,0.30591,0.276421,1771.89
13.02,0.292132,0.300447,1772.61
13.03,0.278156,0.324146,1773.33
13.04,0.263999,0.347478,1774.05
13.05,0.249677,0.370408,1774.76
13.06,0.235206,0.392899,1775.47
13.07,0.220602,0.414914,1776.18
13.08,0.205879,0.436418,1776.89
13.09,0.191051,0.457375,1777.6
13.1,0.176131,0.477752,1778.3
13.11,0.161132,0.497516,1779.01
13.12,0.146066,0.516632,1779.71
13.13,0.130946,0.53507,1780.41
13.14,0.115781,0.5528,1781.11
13.15,0.100582,0.56979,1781.8
13.16,0.0853594,0.586014,1782.5
13.17,0.0701218,0.601443,1783.19
13.18,0.0548778,0.616052,1783.88
13.19,0.0396356,0.629816,1784.57
13.2,0.0244026,0.642712,1785.26
13.21,0.00918579,0.654719,1785.94
13.22,-0.00600843,0.665815,1786.63
13.23,-0.021174,0.675984,1787.31
13.24,-0.0363055,0.685206,1787.99
13.25,-0.0513977,0.693468,1788.67
13.26,-0.0664459,0.700755,1789.35
13.27,-0.0814457,0.707056,1790.03
13.28,-0.096393,0.71236,1790.71
13.29,-0.111284,0.716659,1791.38
13.3,-0.126116,0.719946,1792.06
13.31,-0.140884,0.722217,1792.73
13.32,-0.155586,0.723469,1793.4
13.33,-0.170219,0.7237,1794.08
13.34,-0.18478,0.722912,1794.75
13.35,-0.199266,0.721107,1795.42
13.36,-0.213675,0.718289,1796.09
13.37,-0.228002,0.714465,1796.75
13.38,-0.242247,0.709642,1797.42
13.39,-0.256405,0.703832,1798.09
13.4,-0.270473,0.697045,1798.75
13.41,-0.284449,0.689294,1799.42
13.42,-0.298329,0.680596,1800.08
13.43,-0.312108,0.670967,1800.75
13.44,-0.325784,0.660426,1801.41
13.45,-0.339351,0.648992,1802.08
13.46,-0.352805,0.636688,1802.74
13.47,-0.366141,0.623536,1803.4
13.48,-0.379354,0.609562,1804.06
13.49,-0.392438,0.594791,1804.72
13.5,-0.405387,0.579252,1805.39
13.51,-0.418194,0.562971,1806.05
13.52,-0.430851,0.545981,1806.71
13.53,-0.443352,0.528311,1807.37
13.54,-0.455687,0.509995,1808.03
13.55,-0.46785,0.491064,1808.69
13.56,-0.479829,0.471554,1809.35
13.57,-0.491616,0.451499,1810.01
13.58,-0.5032,0.430935,1810.67
13.59,-0.514571,0.409899,1811.33
13.6,-0.525717,0.388427,1811.99
13.61,-0.536627,0.366558,1812.66
13.62,-0.547288,0.344329,1813.32
13.63,-0.557688,0.321778,1813.98
13.64,-0.567813,0.298945,1814.64
13.65,-0.57765,0.275869,1815.3
13.66,-0.587185,0.252588,1815.96
13.67,-0.596403,0.229141,1816.62
13.68,-0.605289,0.205568,1817.28
13.69,-0.613829,0.181907,1817.94
13.7,-0.622006,0.158197,1818.6
13.71,-0.629806,0.134476,1819.26
13.72,-0.637211,0.110783,1819.92
13.73,-0.644206,0.087154,1820.59
13.74,-0.650774,0.0636273,1821.25
13.75,-0.656899,0.0402388,1821.91
13.76,-0.662564,0.0170242,1822.57
13.77,-0.667753,-0.00598137,1823.23
13.78,-0.672449,-0.0287438,1823.89
13.79,-0.676636,-0.0512299,1824.55
13.8,-0.680298,-0.0734071,1825.21
13.81,-0.683418,-0.0952441,1825.87
13.82,-0.68598,-0.11671,1826.53
13.83,-0.68797,-0.137777,1827.2
13.84,-0.689371,-0.158416,1827.86
13.85,-0.690169,-0.178599,1828.52
13.86,-0.69035,-0.198302,1829.18
13.87,-0.6899,-0.2175,1829.83
13.88,-0.688805,-0.23617,1830.49
13.89,-0.687054,-0.254289,1831.15
13.9,-0.684633,-0.271838,1831.81
13.91,-0.681533,-0.288797,1832.47
13.92,-0.677743,-0.305149,1833.13
13.93,-0.673254,-0.320876,1833.78
13.94,-0.668056,-0.335965,1834.44
13.95,-0.662142,-0.350402,1835.1
13.96,-0.655507,-0.364174,1835.75
13.97,-0.648144,-0.377271,1836.4
13.98,-0.640048,-0.389684,1837.06
13.99,-0.631218,-0.401405,1837.71
14,-0.62165,-0.412427,1838.36
14.01,-0.611344,-0.422745,1839.01
14.02,-0.6003,-0.432355,1839.66
14.03,-0.58852,-0.441255,1840.31
14.04,-0.576007,-0.449444,1840.96
14.05,-0.562765,-0.456923,1841.61
14.06,-0.5488,-0.463691,1842.25
14.07,-0.53412,-0.469752,1842.9
14.08,-0.518732,-0.475111,1843.54
14.09,-0.502647,-0.47977,1844.18
14.1,-0.485875,-0.483738,1844.83
14.11,-0.46843,-0.487019,1845.47
14.12,-0.450327,-0.489624,1846.1
14.13,-0.431579,-0.49156,1846.74
14.14,-0.412205,-0.492837,1847.38
14.15,-0.392223,-0.493466,1848.01
14.16,-0.371653,-0.493459,1848.64
14.17,-0.350516,-0.492827,1849.27
14.18,-0.328834,-0.491584,1849.9
14.19,-0.306631,-0.489743,1850.53
14.2,-0.283933,-0.487318,1851.15
14.21,-0.260765,-0.484324,1851.78
14.22,-0.237156,-0.480775,1852.4
14.23,-0.213134,-0.476687,1853.02
14.24,-0.18873,-0.472077,1853.64
14.25,-0.163973,-0.466959,1854.26
14.26,-0.138897,-0.46135,1854.87
14.27,-0.113534,-0.455267,1855.48
14.28,-0.0879174,-0.448726,1856.09
14.29,-0.0620831,-0.441743,1856.7
14.3,-0.0360663,-0.434336,1857.31
14.31,-0.00990333,-0.426521,1857.92
14.32,0.0163689,-0.418315,1858.52
14.33,0.0427129,-0.409733,1859.12
14.34,0.0690905,-0.400793,1859.72
14.35,0.0954632,-0.391509,1860.32
14.36,0.121792,-0.381899,1860.91
14.37,0.148038,-0.371977,1861.5
14.38,0.174162,-0.361758,1862.09
14.39,0.200125,-0.351258,1862.68
14.4,0.225886,-0.34049,1863.27
14.41,0.251406,-0.329469,1863.86
14.42,0.276647,-0.318208,1864.44
14.43,0.301569,-0.306721,1865.02
14.44,0.326133,-0.29502,1865.6
14.45,0.350301,-0.283117,1866.18
14.46,0.374034,-0.271023,1866.75
14.47,0.397297,-0.25875,1867.32
14.48,0.420051,-0.246309,1867.89
14.49,0.44226,-0.23371,1868.46
14.5,0.463891,-0.220961,1869.03
14.51,0.484907,-0.208073,1869.6
14.52,0.505276,-0.195053,1870.16
14.53,0.524966,-0.18191,1870.72
14.54,0.543944,-0.168651,1871.28
14.55,0.562182,-0.155283,1871.84
14.56,0.579649,-0.141813,1872.4
14.57,0.596319,-0.128247,1872.95
14.58,0.612165,-0.11459,1873.51
14.59,0.627163,-0.100848,1874.06
14.6,0.641289,-0.0870263,1874.61
14.61,0.654521,-0.0731283,1875.16
14.62,0.666839,-0.0591587,1875.71
14.63,0.678224,-0.0451214,1876.25
14.64,0.688661,-0.0310201,1876.8
14.65,0.698132,-0.0168581,1877.34
14.66,0.706626,-0.00263862,1877.88
14.67,0.714129,0.0116352,1878.42
14.68,0.720633,0.0259605,1878.96
14.69,0.726129,0.0403344,1879.5
14.7,0.73061,0.0547541,1880.04
14.71,0.734073,0.0692168,1880.58
14.72,0.736515,0.0837198,1881.11
14.73,0.737934,0.09826,1881.65
14.74,0.738333,0.112835,1882.18
14.75,0.737713,0.12744,1882.71
14.76,0.73608,0.142074,1883.24
14.77,0.733441,0.156732,1883.77
14.78,0.729803,0.17141,1884.3
14.79,0.725176,0.186105,1884.83
14.8,0.719574,0.200812,1885.36
14.81,0.713009,0.215525,1885.89
14.82,0.705496,0.230241,1886.42
14.83,0.697053,0.244953,1886.95
14.84,0.687698,0.259655,1887.47
14.85,0.677452,0.274341,1888
14.86,0.666335,0.289004,1888.53
14.87,0.654372,0.303635,1889.05
14.88,0.641585,0.318228,1889.58
14.89,0.628002,0.332772,1890.1
14.9,0.61365,0.34726,1890.63
14.91,0.598556,0.36168,1891.15
14.92,0.582749,0.376024,1891.67
14.93,0.566262,0.390278,1892.2
14.94,0.549124,0.404433,1892.72
14.95,0.531369,0.418475,1893.25
14.96,0.51303,0.432392,1893.77
14.97,0.49414,0.446169,1894.29
14.98,0.474735,0.459794,1894.82
14.99,0.454849,0.473252,1895.34
15,0.434519,0.486526,1895.86
15.01,0.413782,0.499601,1896.39
15.02,0.392672,0.512462,1896.91
15.03,0.371229,0.52509,1897.44
15.04,0.349488,0.537469,1897.96
15.05,0.327487,0.549581,1898.48
15.06,0.305264,0.561408,1899.01
15.07,0.282856,0.572931,1899.53
15.08,0.260299,0.58413,1900.06
15.09,0.237632,0.594988,1900.58
15.1,0.21489,0.605483,1901.1
15.11,0.192109,0.615597,1901.63
15.12,0.169327,0.62531,1902.15
15.13,0.146579,0.634601,1902.68
15.14,0.123898,0.64345,1903.2
15.15,0.10132,0.651837,1903.73
15.16,0.0788779,0.659741,1904.25
15.17,0.0566047,0.667144,1904.77
15.18,0.0345323,0.674024,1905.3
15.19,0.0126919,0.680361,1905.82
15.2,-0.0088865,0.686138,1906.35
15.21,-0.0301736,0.691333,1906.87
15.22,-0.0511412,0.695929,1907.39
15.23,-0.0717623,0.699907,1907.92
15.24,-0.0920108,0.703249,1908.44
15.25,-0.111862,0.705938,1908.96
15.26,-0.131292,0.707956,1909.49
15.27,-0.150278,0.709289,1910.01
15.28,-0.1688,0.709921,1910.53
15.29,-0.186837,0.709836,1911.05
15.3,-0.20437,0.709023,1911.57
15.31,-0.221383,0.707467,1912.1
15.32,-0.237858,0.705157,1912.62
15.33,-0.253782,0.702082,1913.14
15.34,-0.26914,0.698234,1913.65
15.35,-0.28392,0.693602,1914.17
15.36,-0.298112,0.68818,1914.69
15.37,-0.311706,0.681961,1915.21
15.38,-0.324694,0.674941,1915.73
15.39,-0.337068,0.667117,1916.24
15.4,-0.348822,0.658485,1916.76
15.41,-0.359953,0.649044,1917.27
15.42,-0.370457,0.638797,1917.78
15.43,-0.380331,0.627743,1918.29
15.44,-0.389574,0.615887,1918.81
15.45,-0.398187,0.603234,1919.31
15.46,-0.406171,0.589789,1919.82
15.47,-0.413527,0.575562,1920.33
15.48,-0.42026,0.56056,1920.84
15.49,-0.426372,0.544795,1921.34
15.5,-0.43187,0.52828,1921.85
15.51,-0.436759,0.511028,1922.35
15.52,-0.441046,0.493055,1922.85
15.53,-0.444738,0.474378,1923.35
15.54,-0.447844,0.455015,1923.85
15.55,-0.450372,0.434986,1924.34
15.56,-0.452332,0.414313,1924.84
15.57,-0.453734,0.393018,1925.33
15.58,-0.454589,0.371126,1925.82
15.59,-0.454908,0.348662,1926.31
15.6,-0.454702,0.325653,1926.8
15.61,-0.453983,0.302127,1927.29
15.62,-0.452763,0.278115,1927.77
15.63,-0.451055,0.253645,1928.25
15.64,-0.448871,0.228751,1928.73
15.65,-0.446224,0.203465,1929.21
15.66,-0.443127,0.177821,1929.69
15.67,-0.439592,0.151854,1930.17
15.68,-0.435633,0.1256,1930.64
15.69,-0.431263,0.0990945,1931.11
15.7,-0.426493,0.072376,1931.58
15.71,-0.421338,0.0454823,1932.05
15.72,-0.415809,0.018452,1932.51
15.73,-0.409918,-0.00867566,1932.98
15.74,-0.403678,-0.0358609,1933.44
15.75,-0.397101,-0.0630637,1933.9
15.76,-0.390197,-0.0902436,1934.36
15.77,-0.382979,-0.11736,1934.81
15.78,-0.375456,-0.144372,1935.27
15.79,-0.36764,-0.171239,1935.72
15.8,-0.359541,-0.197921,1936.17
15.81,-0.351167,-0.224376,1936.61
15.82,-0.342529,-0.250564,1937.06
15.83,-0.333634,-0.276445,1937.5
15.84,-0.324493,-0.30198,1937.94
15.85,-0.315111,-0.327128,1938.38
15.86,-0.305497,-0.351852,1938.82
15.87,-0.295658,-0.376112,1939.26
15.88,-0.2856,-0.399873,1939.69
15.89,-0.275329,-0.423096,1940.12
15.9,-0.264852,-0.445747,1940.55
15.91,-0.254172,-0.46779,1940.98
15.92,-0.243296,-0.489192,1941.41
15.93,-0.232227,-0.509921,1941.83
15.94,-0.220969,-0.529943,1942.25
15.95,-0.209527,-0.54923,1942.68
15.96,-0.197904,-0.567753,1943.09
15.97,-0.186102,-0.585483,1943.51
15.98,-0.174124,-0.602395,1943.93
15.99,-0.161974,-0.618464,1944.34
16,-0.149653,-0.633666,1944.76
16.01,-0.137164,-0.64798,1945.17
16.02,-0.124508,-0.661387,1945.58
16.03,-0.111687,-0.673867,1945.99
16.04,-0.098704,-0.685404,1946.39
16.05,-0.0855599,-0.695984,1946.8
16.06,-0.0722566,-0.705592,1947.21
16.07,-0.0587959,-0.714218,1947.61
16.08,-0.0451799,-0.721853,1948.01
16.09,-0.0314104,-0.728487,1948.41
16.1,-0.0174896,-0.734116,1948.81
16.11,-0.00342001,-0.738735,1949.21
16.12,0.0107959,-0.742342,1949.61
16.13,0.0251551,-0.744937,1950.01
16.14,0.0396544,-0.74652,1950.4
16.15,0.0542904,-0.747096,1950.8
16.16,0.069059,-0.746669,1951.19
16.17,0.0839559,-0.745246,1951.59
16.18,0.0989763,-0.742835,1951.98
16.19,0.114115,-0.739446,1952.37
16.2,0.129365,-0.735092,1952.76
16.21,0.144722,-0.729787,1953.16
16.22,0.160178,-0.723545,1953.55
16.23,0.175724,-0.716383,1953.94
16.24,0.191354,-0.708319,1954.33
16.25,0.207059,-0.699374,1954.72
16.26,0.222828,-0.689569,1955.1
16.27,0.238651,-0.678925,1955.49
16.28,0.254518,-0.667468,1955.88
16.29,0.270418,-0.655222,1956.27
16.3,0.286337,-0.642214,1956.66
16.31,0.302263,-0.628471,1957.04
16.32,0.318181,-0.614021,1957.43
16.33,0.334079,-0.598895,1957.82
16.34,0.34994,-0.583122,1958.21
16.35,0.365748,-0.566733,1958.59
16.36,0.381487,-0.549762,1958.98
16.37,0.39714,-0.532239,1959.37
16.38,0.412689,-0.514199,1959.75
16.39,0.428115,-0.495676,1960.14
16.4,0.443399,-0.476703,1960.53
16.41,0.458522,-0.457315,1960.91
16.42,0.473463,-0.437547,1961.3
16.43,0.488201,-0.417435,1961.69
16.44,0.502715,-0.397012,1962.07
16.45,0.516983,-0.376315,1962.46
16.46,0.530983,-0.355378,1962.85
16.47,0.544693,-0.334238,1963.24
16.48,0.558089,-0.312928,1963.62
16.49,0.571149,-0.291483,1964.01
16.5,0.583849,-0.269938,1964.4
16.51,0.596165,-0.248326,1964.79
16.52,0.608074,-0.226682,1965.17
16.53,0.619552,-0.205037,1965.56
16.54,0.630576,-0.183425,1965.95
16.55,0.641121,-0.161877,1966.33
16.56,0.651165,-0.140424,1966.72
16.57,0.660683,-0.119097,1967.11
16.58,0.669653,-0.0979238,1967.5
16.59,0.678052,-0.0769343,1967.88
16.6,0.685858,-0.0561557,1968.27
16.61,0.693048,-0.0356149,1968.66
16.62,0.6996,-0.0153374,1969.04
16.63,0.705495,0.00465209,1969.43
16.64,0.710712,0.0243299,1969.82
16.65,0.71523,0.0436735,1970.2
16.66,0.719032,0.0626616,1970.59
16.67,0.722099,0.0812738,1970.98
16.68,0.724414,0.099491,1971.36
16.69,0.725961,0.117295,1971.75
16.7,0.726725,0.13467,1972.13
16.71,0.726692,0.151599,1972.51
16.72,0.725848,0.168069,1972.9
16.73,0.724181,0.184065,1973.28
16.74,0.721682,0.199577,1973.66
16.75,0.718341,0.214593,1974.04
16.76,0.714149,0.229103,1974.42
16.77,0.709101,0.2431,1974.8
16.78,0.70319,0.256575,1975.18
16.79,0.696414,0.269523,1975.56
16.8,0.688768,0.281937,1975.94
16.81,0.680254,0.293815,1976.32
16.82,0.670871,0.305153,1976.69
16.83,0.660622,0.315948,1977.07
16.84,0.64951,0.326201,1977.44
16.85,0.63754,0.33591,1977.81
16.86,0.624721,0.345077,1978.18
16.87,0.61106,0.353703,1978.55
16.88,0.596567,0.361791,1978.92
16.89,0.581255,0.369343,1979.29
16.9,0.565136,0.376364,1979.66
16.91,0.548226,0.382859,1980.02
16.92,0.530542,0.388832,1980.39
16.93,0.512101,0.39429,1980.75
16.94,0.492924,0.399239,1981.11
16.95,0.473031,0.403686,1981.47
16.96,0.452445,0.407638,1981.82
16.97,0.431192,0.411103,1982.18
16.98,0.409295,0.41409,1982.53
16.99,0.386783,0.416606,1982.89
17,0.363684,0.41866,1983.24
17.01,0.340028,0.420262,1983.59
17.02,0.315845,0.421419,1983.93
17.03,0.291168,0.422142,1984.28
17.04,0.266029,0.42244,1984.62
17.05,0.240465,0.422321,1984.96
17.06,0.214509,0.421795,1985.3
17.07,0.188198,0.420872,1985.64
17.08,0.16157,0.419559,1985.98
17.09,0.134662,0.417867,1986.31
17.1,0.107513,0.415803,1986.64
17.11,0.0801633,0.413376,1986.97
17.12,0.0526518,0.410595,1987.3
17.13,0.0250194,0.407467,1987.63
17.14,-0.00269309,0.404001,1987.95
17.15,-0.0304445,0.400203,1988.27
17.16,-0.0581932,0.396081,1988.59
17.17,-0.0858978,0.391641,1988.91
17.18,-0.113517,0.38689,1989.23
17.19,-0.141008,0.381834,1989.54
17.2,-0.16833,0.376478,1989.85
17.21,-0.195442,0.370828,1990.16
17.22,-0.222302,0.364888,1990.47
17.23,-0.24887,0.358663,1990.78
17.24,-0.275106,0.352157,1991.08
17.25,-0.30097,0.345372,1991.38
17.26,-0.326422,0.338313,1991.68
17.27,-0.351425,0.330983,1991.98
17.28,-0.37594,0.323383,1992.28
17.29,-0.399932,0.315516,1992.57
17.3,-0.423364,0.307384,1992.86
17.31,-0.446201,0.298987,1993.15
17.32,-0.468409,0.290328,1993.44
17.33,-0.489957,0.281407,1993.73
17.34,-0.510813,0.272224,1994.02
17.35,-0.530946,0.262781,1994.3
17.36,-0.550329,0.253077,1994.58
17.37,-0.568933,0.243113,1994.86
17.38,-0.586733,0.232888,1995.14
17.39,-0.603705,0.222403,1995.42
17.4,-0.619826,0.211657,1995.69
17.41,-0.635074,0.200651,1995.97
17.42,-0.64943,0.189383,1996.24
17.43,-0.662877,0.177855,1996.51
17.44,-0.675398,0.166066,1996.78
17.45,-0.686978,0.154016,1997.05
17.46,-0.697606,0.141707,1997.32
17.47,-0.707269,0.129138,1997.59
17.48,-0.71596,0.116311,1997.85
17.49,-0.72367,0.103227,1998.11
17.5,-0.730394,0.0898876,1998.38
17.51,-0.736129,0.0762949,1998.64
17.52,-0.740872,0.0624514,1998.9
17.53,-0.744623,0.0483602,1999.16
17.54,-0.747384,0.0340248,1999.42
17.55,-0.749159,0.0194492,1999.68
17.56,-0.749952,0.00463805,1999.93
17.57,-0.749771,-0.0104033,2000.19
17.58,-0.748623,-0.025669,2000.45
17.59,-0.74652,-0.0411524,2000.7
17.6,-0.743472,-0.0568463,2000.96
17.61,-0.739494,-0.0727425,2001.21
17.62,-0.7346,-0.0888323,2001.47
17.63,-0.728806,-0.105106,2001.72
17.64,-0.722131,-0.121554,2001.97
17.65,-0.714593,-0.138164,2002.22
17.66,-0.706214,-0.154924,2002.48
17.67,-0.697015,-0.171823,2002.73
17.68,-0.687019,-0.188845,2002.98
17.69,-0.67625,-0.205977,2003.23
17.7,-0.664734,-0.223204,2003.48
17.71,-0.652497,-0.240509,2003.73
17.72,-0.639566,-0.257875,2003.98
17.73,-0.625969,-0.275284,2004.23
17.74,-0.611735,-0.292719,2004.48
17.75,-0.596893,-0.31016,2004.73
17.76,-0.581475,-0.327586,2004.98
17.77,-0.565511,-0.344977,2005.23
17.78,-0.549031,-0.362312,2005.48
17.79,-0.532069,-0.379567,2005.73
17.8,-0.514656,-0.396721,2005.98
17.81,-0.496824,-0.41375,2006.23
17.82,-0.478606,-0.43063,2006.48
17.83,-0.460035,-0.447335,2006.73
17.84,-0.441144,-0.463842,2006.98
17.85,-0.421964,-0.480125,2007.23
17.86,-0.40253,-0.496157,2007.48
17.87,-0.382873,-0.511913,2007.73
17.88,-0.363026,-0.527367,2007.98
17.89,-0.34302,-0.54249,2008.23
17.9,-0.322887,-0.557257,2008.48
17.91,-0.302658,-0.57164,2008.73
17.92,-0.282364,-0.585613,2008.98
17.93,-0.262035,-0.599148,2009.24
17.94,-0.241701,-0.612218,2009.49
17.95,-0.221389,-0.624798,2009.74
17.96,-0.20113,-0.636859,2009.99
17.97,-0.180948,-0.648375,2010.24
17.98,-0.160872,-0.659322,2010.49
17.99,-0.140927,-0.669672,2010.74
18,-0.121138,-0.679402,2010.99
18.01,-0.101529,-0.688487,2011.24
18.02,-0.0821222,-0.696902,2011.49
18.03,-0.0629403,-0.704625,2011.74
18.04,-0.0440041,-0.711633,2011.99
18.05,-0.0253337,-0.717905,2012.24
18.06,-0.00694799,-0.72342,2012.49
18.07,0.0111351,-0.728158,2012.73
18.08,0.0288987,-0.732101,2012.98
18.09,0.046327,-0.73523,2013.23
18.1,0.0634053,-0.737531,2013.48
18.11,0.08012,-0.738986,2013.72
18.12,0.0964583,-0.739583,2013.97
18.13,0.112409,-0.739308,2014.22
18.14,0.127961,-0.73815,2014.46
18.15,0.143106,-0.7361,2014.71
18.16,0.157834,-0.733148,2014.95
18.17,0.172139,-0.729288,2015.19
18.18,0.186014,-0.724514,2015.43
18.19,0.199453,-0.718822,2015.68
18.2,0.212451,-0.71221,2015.92
18.21,0.225006,-0.704677,2016.16
18.22,0.237115,-0.696224,2016.39
18.23,0.248774,-0.686854,2016.63
18.24,0.259984,-0.676571,2016.87
18.25,0.270743,-0.66538,2017.1
18.26,0.281052,-0.653289,2017.34
18.27,0.290912,-0.640308,2017.57
18.28,0.300325,-0.626448,2017.8
18.29,0.309292,-0.61172,2018.03
18.3,0.317816,-0.596141,2018.26
18.31,0.325901,-0.579724,2018.49
18.32,0.33355,-0.562489,2018.72
18.33,0.340767,-0.544454,2018.94
18.34,0.347557,-0.525641,2019.16
18.35,0.353924,-0.506071,2019.38
18.36,0.359874,-0.485769,2019.6
18.37,0.365412,-0.464759,2019.82
18.38,0.370542,-0.44307,2020.04
18.39,0.375272,-0.420729,2020.25
18.4,0.379606,-0.397766,2020.47
18.41,0.383549,-0.374211,2020.68
18.42,0.387109,-0.350097,2020.89
18.43,0.39029,-0.325458,2021.1
18.44,0.393099,-0.300327,2021.3
18.45,0.39554,-0.274741,2021.51
18.46,0.397619,-0.248735,2021.71
18.47,0.399341,-0.222348,2021.91
18.48,0.400712,-0.195617,2022.11
18.49,0.401735,-0.168581,2022.3
18.5,0.402416,-0.141281,2022.5
18.51,0.402759,-0.113755,2022.69
18.52,0.402768,-0.0860463,2022.88
18.53,0.402445,-0.0581945,2023.07
18.54,0.401796,-0.0302417,2023.26
18.55,0.400822,-0.00222965,2023.44
18.56,0.399526,0.0257996,2023.62
18.57,0.39791,0.053804,2023.8
18.58,0.395976,0.0817414,2023.98
18.59,0.393726,0.10957,2024.16
18.6,0.391161,0.137248,2024.33
18.61,0.38828,0.164733,2024.5
18.62,0.385086,0.191984,2024.68
18.63,0.381576,0.218962,2024.84
18.64,0.377752,0.245624,2025.01
18.65,0.373613,0.271933,2025.17
18.66,0.369157,0.297848,2025.34
18.67,0.364383,0.323331,2025.5
18.68,0.359289,0.348346,2025.66
18.69,0.353874,0.372856,2025.81
18.7,0.348136,0.396824,2025.97
18.71,0.342072,0.420218,2026.12
18.72,0.33568,0.443003,2026.27
18.73,0.328957,0.465147,2026.42
18.74,0.3219,0.486621,2026.57
18.75,0.314508,0.507394,2026.72
18.76,0.306777,0.527438,2026.86
18.77,0.298704,0.546726,2027
18.78,0.290287,0.565234,2027.15
18.79,0.281523,0.582937,2027.29
18.8,0.27241,0.599814,2027.42
18.81,0.262945,0.615844,2027.56
18.82,0.253126,0.631008,2027.7
18.83,0.242952,0.64529,2027.83
18.84,0.232421,0.658672,2027.96
18.85,0.221532,0.671143,2028.09
18.86,0.210284,0.682689,2028.22
18.87,0.198677,0.693301,2028.35
18.88,0.186712,0.702969,2028.48
18.89,0.174388,0.711687,2028.61
18.9,0.161707,0.71945,2028.73
18.91,0.148671,0.726255,2028.86
18.92,0.135283,0.732099,2028.98
18.93,0.121545,0.736983,2029.11
18.94,0.107462,0.74091,2029.23
18.95,0.0930383,0.743881,2029.35
18.96,0.0782793,0.745904,2029.47
18.97,0.0631912,0.746983,2029.59
18.98,0.0477812,0.747128,2029.71
18.99,0.032057,0.74635,2029.83
19,0.0160276,0.744658,2029.94
19.01,-0.000297285,0.742066,2030.06
19.02,-0.0169071,0.73859,2030.18
19.03,-0.0337904,0.734243,2030.29
19.04,-0.0509345,0.729044,2030.41
19.05,-0.0683261,0.723011,2030.52
19.06,-0.0859508,0.716163,2030.64
19.07,-0.103793,0.708522,2030.75
19.08,-0.121837,0.700108,2030.87
19.09,-0.140065,0.690946,2030.98
19.1,-0.158459,0.681058,2031.1
19.11,-0.177,0.67047,2031.21
19.12,-0.195668,0.659207,2031.32
19.13,-0.214442,0.647296,2031.44
19.14,-0.233301,0.634762,2031.55
19.15,-0.252221,0.621635,2031.66
19.16,-0.271179,0.607943,2031.78
19.17,-0.290152,0.593713,2031.89
19.18,-0.309114,0.578975,2032
19.19,-0.328039,0.563758,2032.12
19.2,-0.346901,0.548093,2032.23
19.21,-0.365674,0.532008,2032.34
19.22,-0.384329,0.515533,2032.45
19.23,-0.402839,0.4987,2032.57
19.24,-0.421175,0.481537,2032.68
19.25,-0.439309,0.464074,2032.79
19.26,-0.457211,0.446341,2032.91
19.27,-0.474851,0.428368,2033.02
19.28,-0.492199,0.410183,2033.13
19.29,-0.509226,0.391816,2033.25
19.3,-0.525902,0.373295,2033.36
19.31,-0.542196,0.354648,2033.48
19.32,-0.558079,0.335902,2033.59
19.33,-0.57352,0.317085,2033.7
19.34,-0.588489,0.298222,2033.82
19.35,-0.602957,0.279339,2033.93
19.36,-0.616895,0.260461,2034.04
19.37,-0.630273,0.241613,2034.16
19.38,-0.643064,0.222817,2034.27
19.39,-0.655239,0.204096,2034.38
19.4,-0.666771,0.185473,2034.5
19.41,-0.677633,0.166967,2034.61
19.42,-0.6878,0.1486,2034.72
19.43,-0.697247,0.13039,2034.84
19.44,-0.705948,0.112355,2034.95
19.45,-0.713882,0.0945129,2035.06
19.46,-0.721026,0.0768801,2035.17
19.47,-0.727359,0.0594718,2035.28
19.48,-0.73286,0.0423027,2035.4
19.49,-0.737512,0.025386,2035.51
19.5,-0.741296,0.00873462,2035.62
19.51,-0.744196,-0.00763995,2035.73
19.52,-0.746198,-0.0237269,2035.84
19.53,-0.747289,-0.0395165,2035.94
19.54,-0.747455,-0.0549997,2036.05
19.55,-0.746688,-0.0701684,2036.16
19.56,-0.744978,-0.0850155,2036.27
19.57,-0.742318,-0.0995346,2036.37
19.58,-0.738702,-0.11372,2036.48
19.59,-0.734127,-0.127567,2036.58
19.6,-0.728589,-0.141072,2036.68
19.61,-0.72209,-0.15423,2036.79
19.62,-0.714629,-0.16704,2036.89
19.63,-0.70621,-0.1795,2036.99
19.64,-0.696837,-0.191608,2037.09
19.65,-0.686517,-0.203362,2037.19
19.66,-0.675258,-0.214764,2037.28
19.67,-0.66307,-0.225812,2037.38
19.68,-0.649964,-0.236508,2037.47
19.69,-0.635955,-0.246852,2037.57
19.7,-0.621056,-0.256845,2037.66
19.71,-0.605286,-0.26649,2037.75
19.72,-0.588661,-0.275789,2037.84
19.73,-0.571204,-0.284742,2037.92
19.74,-0.552934,-0.293353,2038.01
19.75,-0.533876,-0.301624,2038.09
19.76,-0.514055,-0.309558,2038.18
19.77,-0.493496,-0.317156,2038.26
19.78,-0.472228,-0.324423,2038.34
19.79,-0.450279,-0.331359,2038.41
19.8,-0.427681,-0.337968,2038.49
19.81,-0.404464,-0.344253,2038.56
19.82,-0.380663,-0.350214,2038.64
19.83,-0.356311,-0.355855,2038.71
19.84,-0.331443,-0.361178,2038.77
19.85,-0.306096,-0.366183,2038.84
19.86,-0.280306,-0.370873,2038.91
19.87,-0.254113,-0.375249,2038.97
19.88,-0.227554,-0.379311,2039.03
19.89,-0.200669,-0.38306,2039.09
19.9,-0.173498,-0.386496,2039.14
19.91,-0.146083,-0.38962,2039.2
19.92,-0.118463,-0.39243,2039.25
19.93,-0.0906808,-0.394926,2039.3
19.94,-0.062778,-0.397107,2039.35
19.95,-0.0347964,-0.39897,2039.4
19.96,-0.00677824,-0.400514,2039.44
19.97,0.0212345,-0.401737,2039.49
19.98,0.0491998,-0.402636,2039.53
19.99,0.0770758,-0.403208,2039.57
