0,3,1,2
0.01,3.01178,0.963929,2
0.02,3.02313,0.927719,2
0.03,3.03405,0.891375,2
0.04,3.04453,0.854904,2
0.05,3.05457,0.818309,2
0.06,3.06417,0.781596,2
0.07,3.07332,0.74477,2
0.08,3.08204,0.707838,2
0.09,3.09031,0.670803,2
0.1,3.09814,0.633672,2
0.11,3.10552,0.59645,2
0.12,3.11245,0.559141,2
0.13,3.11894,0.521753,2
0.14,3.12497,0.484289,2
0.15,3.13056,0.446755,2
0.16,3.1357,0.409157,2
0.17,3.14038,0.3715,2
0.18,3.14461,0.33379,2
0.19,3.14839,0.296031,2
0.2,3.15172,0.25823,2
0.21,3.15459,0.220392,2
0.22,3.15701,0.182522,2
0.23,3.15897,0.144625,2
0.24,3.16048,0.106708,2
0.25,3.16153,0.0687759,2
0.26,3.16213,0.0308335,2
0.27,3.16227,-0.00711338,2
0.28,3.16196,-0.0450592,2
0.29,3.16119,-0.0829985,2
0.3,3.15996,-0.120926,2
0.31,3.15829,-0.158836,2
0.32,3.15615,-0.196723,2
0.33,3.15356,-0.234582,2
0.34,3.15052,-0.272407,2
0.35,3.14703,-0.310192,2
0.36,3.14308,-0.347934,2
0.37,3.13868,-0.385625,2
0.38,3.13382,-0.42326,2
0.39,3.12852,-0.460834,2
0.4,3.12276,-0.498343,2
0.41,3.11656,-0.535779,2
0.42,3.10991,-0.573138,2
0.43,3.1028,-0.610415,2
0.44,3.09526,-0.647604,2
0.45,3.08726,-0.684699,2
0.46,3.07882,-0.721696,2
0.47,3.06994,-0.758589,2
0.48,3.06062,-0.795373,2
0.49,3.05085,-0.832042,2
0.5,3.04065,-0.868592,2
0.51,3.03001,-0.905016,2
0.52,3.01893,-0.94131,2
0.53,3.00742,-0.977469,2
0.54,2.99547,-1.01349,2
0.55,2.98309,-1.04936,2
0.56,2.97029,-1.08508,2
0.57,2.95705,-1.12064,2
0.58,2.94339,-1.15605,2
0.59,2.92931,-1.19128,2
0.6,2.9148,-1.22635,2
0.61,2.89988,-1.26124,2
0.62,2.88453,-1.29594,2
0.63,2.86877,-1.33046,2
0.64,2.8526,-1.36479,2
0.65,2.83602,-1.39892,2
0.66,2.81903,-1.43286,2
0.67,2.80163,-1.46658,2
0.68,2.78383,-1.50009,2
0.69,2.76563,-1.53339,2
0.7,2.74703,-1.56647,2
0.71,2.72804,-1.59932,2
0.72,2.70865,-1.63194,2
0.73,2.68887,-1.66432,2
0.74,2.66871,-1.69647,2
0.75,2.64816,-1.72837,2
0.76,2.62723,-1.76002,2
0.77,2.60592,-1.79142,2
0.78,2.58423,-1.82256,2
0.79,2.56218,-1.85344,2
0.8,2.53975,-1.88405,2
0.81,2.51696,-1.9144,2
0.82,2.49381,-1.94446,2
0.83,2.47029,-1.97425,2
0.839999,2.44643,-2.00375,2
0.849999,2.42221,-2.03296,2
0.859999,2.39764,-2.06188,2
0.869999,2.37272,-2.0905,2
0.879999,2.34747,-2.11882,2
0.889999,2.32187,-2.14684,2
0.899999,2.29594,-2.17455,2
0.909999,2.26968,-2.20194,2
0.919999,2.2431,-2.22902,2
0.929999,2.21619,-2.25577,2
0.939999,2.18896,-2.2822,2
0.949999,2.16142,-2.30831,2
0.959999,2.13356,-2.33408,2
0.969999,2.1054,-2.35951,2
0.979999,2.07694,-2.3846,2
0.989999,2.04817,-2.40936,2
0.999999,2.01911,-2.43376,2
1.01,1.98976,-2.45781,2
1.02,1.96013,-2.48151,2
1.03,1.93021,-2.50485,2
1.04,1.90001,-2.52784,2
1.05,1.86954,-2.55045,2
1.06,1.8388,-2.5727,2
1.07,1.8078,-2.59458,2
1.08,1.77653,-2.61609,2
1.09,1.74501,-2.63722,2
1.1,1.71324,-2.65797,2
1.11,1.68122,-2.67834,2
1.12,1.64896,-2.69832,2
1.13,1.61647,-2.71791,2
1.14,1.58373,-2.73711,2
1.15,1.55078,-2.75592,2
1.16,1.51759,-2.77433,2
1.17,1.48419,-2.79234,2
1.18,1.45058,-2.80995,2
1.19,1.41676,-2.82715,2
1.2,1.38273,-2.84395,2
1.21,1.3485,-2.86034,2
1.22,1.31408,-2.87631,2
1.23,1.27947,-2.89188,2
1.24,1.24468,-2.90702,2
1.25,1.20971,-2.92175,2
1.26,1.17456,-2.93605,2
1.27,1.13924,-2.94994,2
1.28,1.10376,-2.96339,2
1.29,1.06812,-2.97643,2
1.3,1.03233,-2.98903,2
1.31,0.996388,-3.0012,2
1.32,0.960303,-3.01294,2
1.33,0.924079,-3.02425,2
1.34,0.887723,-3.03512,2
1.35,0.851238,-3.04555,2
1.36,0.814631,-3.05555,2
1.37,0.777907,-3.0651,2
1.38,0.74107,-3.07422,2
1.39,0.704127,-3.08289,2
1.4,0.667083,-3.09112,2
1.41,0.629942,-3.0989,2
1.42,0.592711,-3.10623,2
1.43,0.555394,-3.11312,2
1.44,0.517998,-3.11956,2
1.45,0.480527,-3.12555,2
1.46,0.442986,-3.1311,2
1.47,0.405382,-3.13619,2
1.48,0.36772,-3.14083,2
1.49,0.330004,-3.14501,2
1.5,0.292241,-3.14874,2
1.51,0.254436,-3.15203,2
1.52,0.216594,-3.15485,2
1.53,0.178722,-3.15722,2
1.54,0.140823,-3.15914,2
1.55,0.102904,-3.1606,2
1.56,0.0649703,-3.16161,2
1.57,0.0270272,-3.16216,2
1.58,-0.0109198,-3.16226,2
1.59,-0.0488652,-3.1619,2
1.6,-0.0868036,-3.16109,2
1.61,-0.124729,-3.15982,2
1.62,-0.162637,-3.15809,2
1.63,-0.200522,-3.15591,2
1.64,-0.238377,-3.15328,2
1.65,-0.276199,-3.15019,2
1.66,-0.31398,-3.14665,2
1.67,-0.351717,-3.14266,2
1.68,-0.389402,-3.13821,2
1.69,-0.427032,-3.13331,2
1.7,-0.4646,-3.12796,2
1.71,-0.502101,-3.12216,2
1.72,-0.53953,-3.11591,2
1.73,-0.576881,-3.10921,2
1.74,-0.614149,-3.10207,2
1.75,-0.651329,-3.09447,2
1.76,-0.688415,-3.08644,2
1.77,-0.725402,-3.07795,2
1.78,-0.762284,-3.06903,2
1.79,-0.799057,-3.05966,2
1.8,-0.835714,-3.04985,2
1.81,-0.872251,-3.0396,2
1.82,-0.908663,-3.02892,2
1.83,-0.944943,-3.01779,2
1.84,-0.981088,-3.00624,2
1.85,-1.01709,-2.99425,2
1.86,-1.05295,-2.98183,2
1.87,-1.08865,-2.96898,2
1.88,-1.1242,-2.9557,2
1.89,-1.15959,-2.942,2
1.9,-1.19481,-2.92787,2
1.91,-1.22986,-2.91332,2
1.92,-1.26473,-2.89836,2
1.93,-1.29941,-2.88297,2
1.94,-1.33392,-2.86717,2
1.95,-1.36823,-2.85096,2
1.96,-1.40234,-2.83433,2
1.97,-1.43625,-2.8173,2
1.98,-1.46995,-2.79986,2
1.99,-1.50344,-2.78202,2
2,-1.53672,-2.76378,2
2.01,-1.56977,-2.74514,2
2.02,-1.6026,-2.72611,2
2.03,-1.6352,-2.70668,2
2.04,-1.66756,-2.68687,2
2.05,-1.69968,-2.66666,2
2.06,-1.73156,-2.64607,2
2.07,-1.76318,-2.62511,2
2.08,-1.79456,-2.60376,2
2.09,-1.82567,-2.58204,2
2.1,-1.85653,-2.55994,2
2.11,-1.88711,-2.53748,2
2.12,-1.91742,-2.51465,2
2.13,-1.94746,-2.49146,2
2.14,-1.97722,-2.46792,2
2.15,-2.00669,-2.44401,2
2.16,-2.03587,-2.41976,2
2.17,-2.06476,-2.39515,2
2.18,-2.09335,-2.3702,2
2.19,-2.12165,-2.34491,2
2.2,-2.14963,-2.31929,2
2.21,-2.17731,-2.29332,2
2.22,-2.20467,-2.26703,2
2.23,-2.23171,-2.24041,2
2.24,-2.25844,-2.21347,2
2.25,-2.28484,-2.18621,2
2.26,-2.31091,-2.15864,2
2.27,-2.33664,-2.13075,2
2.28,-2.36204,-2.10256,2
2.29,-2.3871,-2.07406,2
2.3,-2.41182,-2.04527,2
2.31,-2.43619,-2.01618,2
2.32,-2.46021,-1.9868,2
2.33,-2.48387,-1.95714,2
2.34,-2.50718,-1.92719,2
2.35,-2.53012,-1.89697,2
2.36,-2.5527,-1.86647,2
2.37,-2.57492,-1.8357,2
2.38,-2.59676,-1.80467,2
2.39,-2.61823,-1.77338,2
2.4,-2.63932,-1.74184,2
2.41,-2.66003,-1.71004,2
2.42,-2.68036,-1.678,2
2.43,-2.7003,-1.64571,2
2.44,-2.71985,-1.61319,2
2.45,-2.73902,-1.58044,2
2.46,-2.75778,-1.54746,2
2.47,-2.77615,-1.51425,2
2.48,-2.79413,-1.48083,2
2.49,-2.81169,-1.4472,2
2.5,-2.82886,-1.41335,2
2.51,-2.84561,-1.37931,2
2.52,-2.86196,-1.34506,2
2.53,-2.87789,-1.31062,2
2.54,-2.89341,-1.27599,2
2.55,-2.90852,-1.24118,2
2.56,-2.9232,-1.20619,2
2.57,-2.93747,-1.17102,2
2.58,-2.95131,-1.13569,2
2.59,-2.96472,-1.10019,2
2.6,-2.97771,-1.06454,2
2.61,-2.99027,-1.02873,2
2.62,-3.0024,-0.992775,2
2.63,-3.0141,-0.956676,2
2.64,-3.02536,-0.920438,2
2.65,-3.03619,-0.884069,2
2.66,-3.04658,-0.847572,2
2.67,-3.05653,-0.810953,2
2.68,-3.06604,-0.774217,2
2.69,-3.07511,-0.737369,2
2.7,-3.08373,-0.700416,2
2.71,-3.09192,-0.663362,2
2.72,-3.09965,-0.626212,2
2.73,-3.10695,-0.588972,2
2.74,-3.11379,-0.551647,2
2.75,-3.12019,-0.514243,2
2.76,-3.12613,-0.476764,2
2.77,-3.13163,-0.439217,2
2.78,-3.13667,-0.401607,2
2.79,-3.14127,-0.363939,2
2.8,-3.14541,-0.326218,2
2.81,-3.14909,-0.288451,2
2.82,-3.15233,-0.250642,2
2.83,-3.15511,-0.212797,2
2.84,-3.15744,-0.174921,2
2.85,-3.15931,-0.13702,2
2.86,-3.16072,-0.0990995,2
2.87,-3.16169,-0.0611646,2
2.88,-3.16219,-0.0232209,2
2.89,-3.16224,0.0147262,2
2.9,-3.16184,0.0526712,2
2.91,-3.16098,0.0906085,2
2.92,-3.15966,0.128533,2
2.93,-3.15789,0.166439,2
2.94,-3.15567,0.20432,2
2.95,-3.15299,0.242173,2
2.96,-3.14986,0.27999,2
2.97,-3.14627,0.317768,2
2.98,-3.14223,0.355499,2
2.99,-3.13774,0.393179,2
3,-3.1328,0.430803,2
3.01,-3.1274,0.468365,2
3.02,-3.12156,0.505859,2
3.03,-3.11526,0.54328,2
3.04,-3.10852,0.580623,2
3.05,-3.10133,0.617883,2
3.06,-3.09369,0.655053,2
3.07,-3.0856,0.69213,2
3.08,-3.07708,0.729106,2
3.09,-3.06811,0.765978,2
3.1,-3.05869,0.802739,2
3.11,-3.04884,0.839385,2
3.12,-3.03855,0.875909,2
3.13,-3.02782,0.912308,2
3.14,-3.01665,0.948575,2
3.15,-3.00505,0.984706,2
3.16,-2.99302,1.02069,2
3.17,-2.98056,1.05654,2
3.18,-2.96767,1.09223,2
3.19,-2.95435,1.12776,2
3.2,-2.9406,1.16313,2
3.21,-2.92643,1.19833,2
3.22,-2.91184,1.23336,2
3.23,-2.89683,1.26821,2
3.24,-2.8814,1.30288,2
3.25,-2.86556,1.33737,2
3.26,-2.84931,1.37166,2
3.27,-2.83264,1.40575,2
3.28,-2.81557,1.43964,2
3.29,-2.79809,1.47332,2
3.3,-2.78021,1.50679,2
3.31,-2.76193,1.54004,2
3.32,-2.74325,1.57308,2
3.33,-2.72418,1.60588,2
3.34,-2.70471,1.63845,2
3.35,-2.68486,1.67079,2
3.36,-2.66461,1.70289,2
3.37,-2.64399,1.73474,2
3.38,-2.62298,1.76634,2
3.39,-2.6016,1.79769,2
3.4,-2.57984,1.82878,2
3.41,-2.55771,1.85961,2
3.42,-2.53521,1.89016,2
3.43,-2.51234,1.92045,2
3.44,-2.48912,1.95046,2
3.45,-2.46553,1.98019,2
3.46,-2.4416,2.00963,2
3.47,-2.4173,2.03878,2
3.48,-2.39267,2.06764,2
3.49,-2.36768,2.09621,2
3.5,-2.34236,2.12447,2
3.51,-2.3167,2.15242,2
3.52,-2.2907,2.18007,2
3.53,-2.26438,2.2074,2
3.54,-2.23772,2.23441,2
3.55,-2.21075,2.2611,2
3.56,-2.18346,2.28747,2
3.57,-2.15585,2.3135,2
3.58,-2.12794,2.33921,2
3.59,-2.09971,2.36457,2
3.6,-2.07119,2.3896,2
3.61,-2.04237,2.41428,2
3.62,-2.01325,2.43861,2
3.63,-1.98384,2.4626,2
3.64,-1.95415,2.48622,2
3.65,-1.92417,2.50949,2
3.66,-1.89392,2.5324,2
3.67,-1.8634,2.55495,2
3.68,-1.8326,2.57712,2
3.69,-1.80155,2.59893,2
3.7,-1.77023,2.62036,2
3.71,-1.73866,2.64141,2
3.72,-1.70684,2.66209,2
3.73,-1.67477,2.68238,2
3.74,-1.64246,2.70228,2
3.75,-1.60992,2.72179,2
3.76,-1.57714,2.74092,2
3.77,-1.54414,2.75965,2
3.78,-1.51091,2.77798,2
3.79,-1.47747,2.79591,2
3.8,-1.44381,2.81343,2
3.81,-1.40995,2.83056,2
3.82,-1.37588,2.84727,2
3.83,-1.34161,2.86358,2
3.84,-1.30715,2.87947,2
3.85,-1.27251,2.89495,2
3.86,-1.23768,2.91001,2
3.87,-1.20267,2.92465,2
3.88,-1.16749,2.93887,2
3.89,-1.13214,2.95267,2
3.9,-1.09663,2.96604,2
3.91,-1.06095,2.97899,2
3.92,-1.02513,2.99151,2
3.93,-0.98916,3.00359,2
3.94,-0.953047,3.01524,2
3.95,-0.916796,3.02646,2
3.96,-0.880413,3.03725,2
3.97,-0.843904,3.04759,2
3.98,-0.807273,3.0575,2
3.99,-0.770526,3.06697,2
4,-0.733667,3.07599,2
4.01,-0.696704,3.08458,2
4.02,-0.659639,3.09271,2
4.03,-0.62248,3.10041,2
4.04,-0.585231,3.10765,2
4.05,-0.547898,3.11445,2
4.06,-0.510486,3.1208,2
4.07,-0.473001,3.1267,2
4.08,-0.435447,3.13215,2
4.09,-0.397831,3.13715,2
4.1,-0.360157,3.1417,2
4.11,-0.322432,3.1458,2
4.12,-0.28466,3.14944,2
4.13,-0.246847,3.15263,2
4.14,-0.208999,3.15536,2
4.15,-0.17112,3.15764,2
4.16,-0.133217,3.15947,2
4.17,-0.0952949,3.16084,2
4.18,-0.0573588,3.16176,2
4.19,-0.0194145,3.16222,2
4.2,0.0185326,3.16222,2
4.21,0.056477,3.16177,2
4.22,0.0944133,3.16087,2
4.23,0.132336,3.15951,2
4.24,0.17024,3.15769,2
4.25,0.208119,3.15542,2
4.26,0.245968,3.1527,2
4.27,0.283782,3.14952,2
4.28,0.321555,3.14589,2
4.29,0.359281,3.1418,2
4.3,0.396956,3.13726,2
4.31,0.434574,3.13227,2
4.32,0.472129,3.12683,2
4.33,0.509616,3.12094,2
4.34,0.54703,3.1146,2
4.35,0.584365,3.10782,2
4.36,0.621615,3.10058,2
4.37001,0.658777,3.0929,2
4.38001,0.695843,3.08477,2
4.39001,0.732809,3.0762,2
4.40001,0.76967,3.06718,2
4.41001,0.80642,3.05773,2
4.42001,0.843054,3.04783,2
4.43001,0.879566,3.03749,2
4.44001,0.915952,3.02672,2
4.45001,0.952206,3.01551,2
4.46001,0.988322,3.00387,2
4.47001,1.0243,2.99179,2
4.48001,1.06012,2.97928,2
4.49001,1.0958,2.96635,2
4.50001,1.13131,2.95299,2
4.51001,1.16667,2.9392,2
4.52001,1.20185,2.92499,2
4.53001,1.23687,2.91035,2
4.54001,1.2717,2.8953,2
4.55001,1.30635,2.87983,2
4.56001,1.34081,2.86395,2
4.57001,1.37508,2.84766,2
4.58001,1.40916,2.83095,2
4.59001,1.44303,2.81384,2
4.60001,1.47669,2.79632,2
4.61001,1.51014,2.7784,2
4.62001,1.54337,2.76008,2
4.63001,1.57638,2.74136,2
4.64001,1.60916,2.72224,2
4.65001,1.64171,2.70274,2
4.66001,1.67402,2.68284,2
4.67001,1.7061,2.66256,2
4.68001,1.73792,2.6419,2
4.69001,1.7695,2.62085,2
4.70001,1.80082,2.59943,2
4.71001,1.83188,2.57763,2
4.72001,1.86268,2.55547,2
4.73001,1.89321,2.53293,2
4.74001,1.92347,2.51003,2
4.75001,1.95345,2.48677,2
4.76001,1.98315,2.46315,2
4.77001,2.01257,2.43917,2
4.78001,2.04169,2.41485,2
4.79001,2.07052,2.39018,2
4.80001,2.09905,2.36516,2
4.81002,2.12728,2.3398,2
4.82002,2.15521,2.3141,2
4.83002,2.18282,2.28808,2
4.84002,2.21012,2.26172,2
4.85002,2.2371,2.23503,2
4.86002,2.26376,2.20803,2
4.87002,2.29009,2.1807,2
4.88002,2.3161,2.15307,2
4.89002,2.34177,2.12512,2
4.90002,2.3671,2.09687,2
4.91002,2.39209,2.06831,2
4.92002,2.41674,2.03946,2
4.93002,2.44103,2.01031,2
4.94002,2.46498,1.98087,2
4.95002,2.48857,1.95115,2
4.96002,2.51181,1.92115,2
4.97002,2.53468,1.89087,2
4.98002,2.55719,1.86032,2
4.99002,2.57933,1.8295,2
5.00002,2.6011,1.79842,2
5.01002,2.62249,1.76707,2
5.02002,2.6435,1.73548,2
5.03002,2.66414,1.70363,2
5.04002,2.68439,1.67154,2
5.05002,2.70426,1.63921,2
5.06002,2.72373,1.60664,2
5.07002,2.74281,1.57384,2
5.08002,2.7615,1.54081,2
5.09002,2.77979,1.50757,2
5.10002,2.79768,1.4741,2
5.11002,2.81517,1.44042,2
5.12002,2.83225,1.40654,2
5.13002,2.84893,1.37245,2
5.14002,2.86519,1.33817,2
5.15002,2.88104,1.30369,2
5.16002,2.89648,1.26902,2
5.17002,2.9115,1.23417,2
5.18002,2.9261,1.19915,2
5.19002,2.94028,1.16395,2
5.20002,2.95403,1.12858,2
5.21002,2.96736,1.09305,2
5.22002,2.98026,1.05737,2
5.23002,2.99274,1.02153,2
5.24003,3.00478,0.985544,2
5.25003,3.01639,0.949417,2
5.26003,3.02757,0.913152,2
5.27003,3.03831,0.876757,2
5.28003,3.04861,0.840235,2
5.29003,3.05847,0.803592,2
5.30003,3.06789,0.766833,2
5.31003,3.07687,0.729964,2
5.32003,3.08541,0.69299,2
5.33003,3.09351,0.655916,2
5.34003,3.10115,0.618748,2
5.35003,3.10835,0.58149,2
5.36003,3.11511,0.544149,2
5.37003,3.12141,0.506729,2
5.38003,3.12727,0.469237,2
5.39003,3.13268,0.431677,2
5.40003,3.13763,0.394055,2
5.41003,3.14213,0.356376,2
5.42003,3.14618,0.318645,2
5.43003,3.14978,0.280869,2
5.44003,3.15292,0.243052,2
5.45003,3.15561,0.205201,2
5.46003,3.15785,0.167319,2
5.47003,3.15963,0.129414,2
5.48003,3.16095,0.0914901,2
5.49003,3.16182,0.053553,2
5.50003,3.16224,0.0156081,2
5.51003,3.1622,-0.0223389,2
5.52003,3.1617,-0.0602828,2
5.53003,3.16075,-0.098218,2
5.54003,3.15935,-0.136139,2
5.55003,3.15748,-0.17404,2
5.56003,3.15517,-0.211917,2
5.57003,3.1524,-0.249763,2
5.58003,3.14917,-0.287573,2
5.59003,3.1455,-0.325341,2
5.60003,3.14137,-0.363063,2
5.61003,3.13678,-0.400732,2
5.62003,3.13175,-0.438344,2
5.63003,3.12626,-0.475892,2
5.64003,3.12033,-0.513372,2
5.65003,3.11394,-0.550778,2
5.66003,3.10711,-0.588105,2
5.67003,3.09983,-0.625347,2
5.68004,3.0921,-0.662499,2
5.69004,3.08393,-0.699556,2
5.70004,3.07531,-0.736512,2
5.71004,3.06625,-0.773362,2
5.72004,3.05675,-0.8101,2
5.73004,3.04681,-0.846722,2
5.74004,3.03643,-0.883222,2
5.75004,3.02561,-0.919595,2
5.76004,3.01436,-0.955835,2
5.77004,3.00268,-0.991938,2
5.78004,2.99056,-1.0279,2
5.79004,2.97801,-1.06371,2
5.80004,2.96503,-1.09937,2
5.81004,2.95162,-1.13487,2
5.82004,2.93779,-1.17021,2
5.83004,2.92354,-1.20537,2
5.84004,2.90886,-1.24037,2
5.85004,2.89377,-1.27518,2
5.86004,2.87826,-1.30982,2
5.87004,2.86234,-1.34426,2
5.88004,2.846,-1.37851,2
5.89004,2.82925,-1.41256,2
5.90004,2.8121,-1.44641,2
5.91004,2.79454,-1.48005,2
5.92004,2.77658,-1.51348,2
5.93004,2.75822,-1.54669,2
5.94004,2.73946,-1.57967,2
5.95004,2.7203,-1.61243,2
5.96004,2.70076,-1.64496,2
5.97004,2.68083,-1.67725,2
5.98004,2.66051,-1.7093,2
5.99004,2.6398,-1.7411,2
6.00004,2.61872,-1.77265,2
6.01004,2.59726,-1.80395,2
6.02004,2.57543,-1.83499,2
6.03004,2.55322,-1.86576,2
6.04004,2.53065,-1.89626,2
6.05004,2.50771,-1.92649,2
6.06004,2.48442,-1.95644,2
6.07004,2.46076,-1.98612,2
6.08004,2.43675,-2.0155,2
6.09004,2.41239,-2.0446,2
6.10004,2.38768,-2.0734,2
6.11004,2.36263,-2.1019,2
6.12005,2.33724,-2.1301,2
6.13005,2.31151,-2.15799,2
6.14005,2.28545,-2.18557,2
6.15005,2.25906,-2.21284,2
6.16005,2.23234,-2.23979,2
6.17005,2.2053,-2.26642,2
6.18005,2.17795,-2.29272,2
6.19005,2.15028,-2.31869,2
6.20005,2.1223,-2.34432,2
6.21005,2.09402,-2.36962,2
6.22005,2.06543,-2.39458,2
6.23005,2.03655,-2.41919,2
6.24005,2.00737,-2.44345,2
6.25005,1.97791,-2.46736,2
6.26005,1.94816,-2.49092,2
6.27005,1.91812,-2.51412,2
6.28005,1.88782,-2.53696,2
6.29005,1.85724,-2.55943,2
6.30005,1.82639,-2.58153,2
6.31005,1.79528,-2.60326,2
6.32005,1.76392,-2.62461,2
6.33005,1.7323,-2.64559,2
6.34005,1.70042,-2.66619,2
6.35005,1.66831,-2.6864,2
6.36005,1.63595,-2.70623,2
6.37005,1.60336,-2.72566,2
6.38005,1.57054,-2.74471,2
6.39005,1.53749,-2.76335,2
6.40005,1.50422,-2.7816,2
6.41005,1.47073,-2.79945,2
6.42005,1.43703,-2.8169,2
6.43005,1.40313,-2.83394,2
6.44005,1.36902,-2.85058,2
6.45005,1.33472,-2.8668,2
6.46005,1.30022,-2.88261,2
6.47005,1.26553,-2.898,2
6.48005,1.23067,-2.91298,2
6.49005,1.19562,-2.92754,2
6.50005,1.16041,-2.94167,2
6.51005,1.12503,-2.95539,2
6.52005,1.08948,-2.96867,2
6.53005,1.05378,-2.98153,2
6.54005,1.01793,-2.99396,2
6.55006,0.981926,-3.00596,2
6.56006,0.945785,-3.01753,2
6.57006,0.909507,-3.02866,2
6.58006,0.873099,-3.03936,2
6.59006,0.836565,-3.04962,2
6.60006,0.79991,-3.05944,2
6.61006,0.76314,-3.06881,2
6.62006,0.72626,-3.07775,2
6.63006,0.689276,-3.08624,2
6.64006,0.652192,-3.09429,2
6.65006,0.615014,-3.1019,2
6.66006,0.577748,-3.10905,2
6.67006,0.540399,-3.11576,2
6.68006,0.502972,-3.12202,2
6.69006,0.465472,-3.12783,2
6.70006,0.427906,-3.13319,2
6.71006,0.390277,-3.1381,2
6.72006,0.352593,-3.14256,2
6.73006,0.314858,-3.14656,2
6.74006,0.277077,-3.15012,2
6.75006,0.239257,-3.15321,2
6.76006,0.201402,-3.15586,2
6.77006,0.163518,-3.15805,2
6.78006,0.125611,-3.15978,2
6.79006,0.0876852,-3.16106,2
6.80006,0.0497471,-3.16189,2
6.81006,0.0118017,-3.16226,2
6.82006,-0.0261453,-3.16217,2
6.83006,-0.0640885,-3.16163,2
6.84006,-0.102023,-3.16063,2
6.85006,-0.139942,-3.15918,2
6.86006,-0.177841,-3.15727,2
6.87006,-0.215715,-3.15491,2
6.88006,-0.253557,-3.1521,2
6.89006,-0.291363,-3.14883,2
6.90006,-0.329127,-3.1451,2
6.91006,-0.366844,-3.14093,2
6.92006,-0.404508,-3.1363,2
6.93006,-0.442113,-3.13122,2
6.94006,-0.479655,-3.12569,2
6.95006,-0.517128,-3.11971,2
6.96006,-0.554526,-3.11328,2
6.97006,-0.591845,-3.1064,2
6.98006,-0.629078,-3.09907,2
6.99007,-0.666221,-3.0913,2
7.00007,-0.703268,-3.08309,2
7.01007,-0.740213,-3.07442,2
7.02007,-0.777052,-3.06532,2
7.03007,-0.813779,-3.05578,2
7.04007,-0.850389,-3.04579,2
7.05007,-0.886876,-3.03537,2
7.06007,-0.923236,-3.02451,2
7.07007,-0.959463,-3.01321,2
7.08007,-0.995551,-3.00148,2
7.09007,-1.0315,-2.98932,2
7.10007,-1.06729,-2.97672,2
7.11007,-1.10294,-2.9637,2
7.12007,-1.13842,-2.95025,2
7.13007,-1.17374,-2.93638,2
7.14007,-1.20889,-2.92209,2
7.15007,-1.24387,-2.90737,2
7.16007,-1.27867,-2.89223,2
7.17007,-1.31328,-2.87668,2
7.18007,-1.34771,-2.86071,2
7.19007,-1.38194,-2.84434,2
7.20007,-1.41597,-2.82755,2
7.21007,-1.4498,-2.81035,2
7.22007,-1.48341,-2.79276,2
7.23007,-1.51682,-2.77475,2
7.24007,-1.55001,-2.75635,2
7.25007,-1.58297,-2.73755,2
7.26007,-1.61571,-2.71836,2
7.27007,-1.64821,-2.69878,2
7.28007,-1.68048,-2.67881,2
7.29007,-1.7125,-2.65845,2
7.30007,-1.74428,-2.63771,2
7.31007,-1.7758,-2.61659,2
7.32007,-1.80707,-2.59509,2
7.33007,-1.83808,-2.57322,2
7.34007,-1.86883,-2.55098,2
7.35007,-1.89931,-2.52837,2
7.36007,-1.92951,-2.50539,2
7.37007,-1.95943,-2.48206,2
7.38007,-1.98908,-2.45837,2
7.39007,-2.01843,-2.43432,2
7.40007,-2.0475,-2.40993,2
7.41007,-2.07627,-2.38518,2
7.42007,-2.10474,-2.3601,2
7.43008,-2.13291,-2.33467,2
7.44008,-2.16077,-2.30891,2
7.45008,-2.18832,-2.28281,2
7.46008,-2.21556,-2.25639,2
7.47008,-2.24248,-2.22964,2
7.48008,-2.26907,-2.20257,2
7.49008,-2.29534,-2.17519,2
7.50008,-2.32127,-2.14749,2
7.51008,-2.34687,-2.11948,2
7.52008,-2.37214,-2.09116,2
7.53008,-2.39706,-2.06255,2
7.54008,-2.42164,-2.03363,2
7.55008,-2.44587,-2.00443,2
7.56008,-2.46974,-1.97493,2
7.57008,-2.49326,-1.94516,2
7.58008,-2.51643,-1.9151,2
7.59008,-2.53923,-1.88476,2
7.60008,-2.56166,-1.85416,2
7.61008,-2.58372,-1.82328,2
7.62008,-2.60542,-1.79215,2
7.63008,-2.62674,-1.76076,2
7.64008,-2.64767,-1.72911,2
7.65008,-2.66823,-1.69721,2
7.66008,-2.68841,-1.66507,2
7.67008,-2.70819,-1.63269,2
7.68008,-2.72759,-1.60008,2
7.69008,-2.74659,-1.56723,2
7.70008,-2.7652,-1.53416,2
7.71008,-2.78341,-1.50087,2
7.72008,-2.80122,-1.46736,2
7.73008,-2.81863,-1.43364,2
7.74008,-2.83563,-1.39972,2
7.75008,-2.85222,-1.36559,2
7.76008,-2.8684,-1.33126,2
7.77008,-2.88417,-1.29675,2
7.78008,-2.89952,-1.26205,2
7.79008,-2.91446,-1.22716,2
7.80008,-2.92898,-1.1921,2
7.81008,-2.94307,-1.15687,2
7.82008,-2.95674,-1.12147,2
7.83008,-2.96998,-1.08591,2
7.84008,-2.9828,-1.05019,2
7.85008,-2.99519,-1.01432,2
7.86009,-3.00714,-0.978308,2
7.87009,-3.01867,-0.942152,2
7.88009,-3.02976,-0.905861,2
7.89009,-3.04041,-0.86944,2
7.90009,-3.05062,-0.832893,2
7.91009,-3.0604,-0.796227,2
7.92009,-3.06973,-0.759445,2
7.93009,-3.07862,-0.722555,2
7.94009,-3.08707,-0.68556,2
7.95009,-3.09508,-0.648467,2
7.96009,-3.10263,-0.61128,2
7.97009,-3.10975,-0.574006,2
7.98009,-3.11641,-0.536648,2
7.99009,-3.12262,-0.499214,2
8.00009,-3.12839,-0.461707,2
8.01009,-3.13371,-0.424134,2
8.02009,-3.13857,-0.3865,2
8.03009,-3.14298,-0.34881,2
8.04009,-3.14694,-0.31107,2
8.05009,-3.15045,-0.273285,2
8.06009,-3.1535,-0.235461,2
8.07009,-3.1561,-0.197603,2
8.08009,-3.15824,-0.159717,2
8.09009,-3.15993,-0.121807,2
8.10009,-3.16116,-0.0838802,2
8.11009,-3.16194,-0.0459411,2
8.12009,-3.16227,-0.00799533,2
8.13009,-3.16214,0.0299515,2
8.14009,-3.16155,0.0678941,2
8.15009,-3.16051,0.105827,2
8.16009,-3.15901,0.143744,2
8.17009,-3.15706,0.181641,2
8.18009,-3.15465,0.219512,2
8.19009,-3.15179,0.257351,2
8.20009,-3.14847,0.295153,2
8.21009,-3.1447,0.332913,2
8.22009,-3.14048,0.370624,2
8.23009,-3.13581,0.408282,2
8.24009,-3.13069,0.445882,2
8.25009,-3.12511,0.483417,2
8.26009,-3.11908,0.520883,2
8.27009,-3.11261,0.558273,2
8.28009,-3.10569,0.595583,2
8.29009,-3.09831,0.632808,2
8.30009,-3.0905,0.669941,2
8.31009,-3.08224,0.706978,2
8.3201,-3.07353,0.743913,2
8.3301,-3.06438,0.780741,2
8.3401,-3.05479,0.817457,2
8.3501,-3.04476,0.854054,2
8.3601,-3.0343,0.890529,2
8.3701,-3.02339,0.926876,2
8.3801,-3.01205,0.963089,2
8.3901,-3.00028,0.999163,2
8.4001,-2.98807,1.03509,2
8.4101,-2.97544,1.07088,2
8.4201,-2.96237,1.1065,2
8.4301,-2.94888,1.14197,2
8.4401,-2.93497,1.17727,2
8.4501,-2.92063,1.21241,2
8.4601,-2.90587,1.24737,2
8.4701,-2.89069,1.28215,2
8.4801,-2.8751,1.31674,2
8.4901,-2.85909,1.35115,2
8.5001,-2.84267,1.38536,2
8.5101,-2.82584,1.41937,2
8.5201,-2.80861,1.45318,2
8.5301,-2.79097,1.48678,2
8.5401,-2.77293,1.52016,2
8.5501,-2.75448,1.55332,2
8.5601,-2.73565,1.58627,2
8.5701,-2.71642,1.61898,2
8.5801,-2.69679,1.65146,2
8.5901,-2.67678,1.6837,2
8.6001,-2.65638,1.7157,2
8.6101,-2.63561,1.74745,2
8.6201,-2.61445,1.77895,2
8.6301,-2.59291,1.8102,2
8.6401,-2.571,1.84118,2
8.6501,-2.54872,1.8719,2
8.6601,-2.52608,1.90235,2
8.6701,-2.50307,1.93252,2
8.6801,-2.4797,1.96242,2
8.6901,-2.45597,1.99203,2
8.7001,-2.43189,2.02136,2
8.7101,-2.40746,2.0504,2
8.7201,-2.38268,2.07914,2
8.7301,-2.35756,2.10758,2
8.7401,-2.3321,2.13572,2
8.7501,-2.30631,2.16355,2
8.76011,-2.28018,2.19107,2
8.77011,-2.25372,2.21827,2
8.78011,-2.22694,2.24516,2
8.79011,-2.19984,2.27172,2
8.80011,-2.17242,2.29795,2
8.81011,-2.14469,2.32386,2
8.82011,-2.11665,2.34942,2
8.83011,-2.0883,2.37465,2
8.84011,-2.05966,2.39954,2
8.85011,-2.03072,2.42408,2
8.86011,-2.00148,2.44828,2
8.87011,-1.97196,2.47212,2
8.88011,-1.94215,2.4956,2
8.89011,-1.91207,2.51873,2
8.90011,-1.88171,2.54149,2
8.91011,-1.85107,2.56389,2
8.92011,-1.82017,2.58592,2
8.93011,-1.78901,2.60757,2
8.94011,-1.75759,2.62885,2
8.95011,-1.72592,2.64975,2
8.96011,-1.694,2.67027,2
8.97011,-1.66184,2.69041,2
8.98011,-1.62943,2.71016,2
8.99011,-1.59679,2.72951,2
9.00011,-1.56393,2.74848,2
9.01011,-1.53083,2.76705,2
9.02011,-1.49752,2.78522,2
9.03011,-1.46399,2.80299,2
9.04011,-1.43025,2.82035,2
9.05011,-1.3963,2.83731,2
9.06011,-1.36215,2.85386,2
9.07011,-1.32781,2.87,2
9.08011,-1.29328,2.88573,2
9.09011,-1.25855,2.90104,2
9.10011,-1.22365,2.91593,2
9.11011,-1.18857,2.93041,2
9.12011,-1.15332,2.94446,2
9.13011,-1.11791,2.95809,2
9.14011,-1.08233,2.97129,2
9.15011,-1.0466,2.98406,2
9.16011,-1.01072,2.99641,2
9.17011,-0.974687,3.00832,2
9.18011,-0.938518,3.0198,2
9.19011,-0.902214,3.03084,2
9.20012,-0.865779,3.04145,2
9.21012,-0.829221,3.05162,2
9.22012,-0.792542,3.06135,2
9.23012,-0.75575,3.07064,2
9.24012,-0.718849,3.07949,2
9.25012,-0.681844,3.08789,2
9.26012,-0.644741,3.09585,2
9.27012,-0.607545,3.10337,2
9.28012,-0.570262,3.11043,2
9.29012,-0.532897,3.11705,2
9.30012,-0.495454,3.12322,2
9.31012,-0.457941,3.12894,2
9.32012,-0.420362,3.13421,2
9.33012,-0.382722,3.13903,2
9.34012,-0.345027,3.1434,2
9.35012,-0.307282,3.14731,2
9.36012,-0.269493,3.15077,2
9.37012,-0.231665,3.15378,2
9.38012,-0.193804,3.15633,2
9.39012,-0.155915,3.15843,2
9.40012,-0.118003,3.16008,2
9.41012,-0.080075,3.16126,2
9.42012,-0.042135,3.162,2
9.43012,-0.0041889,3.16227,2
9.44012,0.0337578,3.1621,2
9.45012,0.0716996,3.16146,2
9.46012,0.109631,3.16038,2
9.47012,0.147547,3.15883,2
9.48012,0.185441,3.15684,2
9.49012,0.223309,3.15438,2
9.50012,0.261145,3.15148,2
9.51012,0.298943,3.14812,2
9.52012,0.336698,3.1443,2
9.53012,0.374404,3.14004,2
9.54012,0.412057,3.13532,2
9.55012,0.44965,3.13015,2
9.56012,0.487178,3.12453,2
9.57012,0.524637,3.11845,2
9.58012,0.56202,3.11193,2
9.59012,0.599321,3.10497,2
9.60012,0.636537,3.09755,2
9.61012,0.673661,3.08969,2
9.62012,0.710688,3.08138,2
9.63013,0.747612,3.07263,2
9.64013,0.784429,3.06344,2
9.65013,0.821133,3.05381,2
9.66013,0.857719,3.04373,2
9.67013,0.894181,3.03322,2
9.68013,0.930514,3.02227,2
9.69013,0.966714,3.01089,2
9.70013,1.00277,2.99907,2
9.71013,1.03869,2.98682,2
9.72013,1.07446,2.97415,2
9.73013,1.11007,2.96104,2
9.74013,1.14552,2.9475,2
9.75013,1.18081,2.93355,2
9.76013,1.21592,2.91917,2
9.77013,1.25086,2.90437,2
9.78013,1.28563,2.88915,2
9.79013,1.3202,2.87351,2
9.80013,1.35459,2.85746,2
9.81013,1.38878,2.841,2
9.82013,1.42277,2.82413,2
9.83013,1.45656,2.80686,2
9.84013,1.49013,2.78918,2
9.85013,1.5235,2.77109,2
9.86013,1.55664,2.75261,2
9.87013,1.58956,2.73374,2
9.88013,1.62225,2.71446,2
9.89013,1.6547,2.6948,2
9.90013,1.68692,2.67475,2
9.91013,1.7189,2.65432,2
9.92013,1.75062,2.6335,2
9.93013,1.7821,2.6123,2
9.94013,1.81332,2.59073,2
9.95013,1.84427,2.56878,2
9.96013,1.87497,2.54647,2
9.97013,1.90539,2.52379,2
9.98013,1.93553,2.50074,2
9.99013,1.9654,2.47733,2
10.0001,1.99499,2.45357,2
10.0101,2.02429,2.42946,2
10.0201,2.0533,2.40499,2
10.0301,2.08201,2.38018,2
10.0401,2.11042,2.35502,2
10.0501,2.13853,2.32953,2
10.0601,2.16633,2.3037,2
10.0701,2.19381,2.27754,2
10.0801,2.22098,2.25105,2
10.0901,2.24784,2.22424,2
10.1001,2.27437,2.1971,2
10.1101,2.30057,2.16965,2
10.1201,2.32644,2.14189,2
10.1301,2.35197,2.11382,2
10.1401,2.37717,2.08544,2
10.1501,2.40202,2.05677,2
10.1601,2.42653,2.0278,2
10.1701,2.45069,1.99853,2
10.1801,2.47449,1.96898,2
10.1901,2.49794,1.93915,2
10.2001,2.52103,1.90903,2
10.2101,2.54376,1.87864,2
10.2201,2.56612,1.84799,2
10.2301,2.58811,1.81706,2
10.2401,2.60972,1.78587,2
10.2501,2.63097,1.75443,2
10.2601,2.65183,1.72273,2
10.2701,2.67231,1.69079,2
10.2801,2.69241,1.6586,2
10.2901,2.71212,1.62617,2
10.3001,2.73143,1.59351,2
10.3101,2.75036,1.56062,2
10.3201,2.76889,1.5275,2
10.3301,2.78702,1.49416,2
10.3401,2.80475,1.46061,2
10.3501,2.82207,1.42685,2
10.3601,2.83899,1.39289,2
10.3701,2.8555,1.35872,2
10.3801,2.8716,1.32435,2
10.3901,2.88728,1.2898,2
10.4001,2.90255,1.25506,2
10.4101,2.91741,1.22014,2
10.4201,2.93184,1.18505,2
10.4301,2.94585,1.14978,2
10.4401,2.95943,1.11435,2
10.4501,2.97259,1.07875,2
10.4601,2.98532,1.04301,2
10.4701,2.99762,1.00711,2
10.4801,3.00949,0.971065,2
10.4901,3.02093,0.934882,2
10.5001,3.03193,0.898565,2
10.5101,3.04249,0.862118,2
10.5201,3.05262,0.825547,2
10.5301,3.0623,0.788857,2
10.5401,3.07155,0.752053,2
10.5501,3.08035,0.715141,2
10.5601,3.08871,0.678127,2
10.5701,3.09663,0.641014,2
10.5801,3.1041,0.603809,2
10.5901,3.11112,0.566518,2
10.6001,3.11769,0.529144,2
10.6101,3.12382,0.491695,2
10.6201,3.12949,0.454174,2
10.6301,3.13472,0.416589,2
10.6401,3.13949,0.378943,2
10.6501,3.14381,0.341243,2
10.6601,3.14768,0.303493,2
10.6701,3.1511,0.2657,2
10.6801,3.15406,0.227869,2
10.6901,3.15656,0.190005,2
10.7001,3.15862,0.152113,2
10.7101,3.16021,0.1142,2
10.7201,3.16136,0.0762697,2
10.7302,3.16205,0.0383289,2
10.7402,3.16228,0.000382468,2
10.7502,3.16205,-0.037564,2
10.7602,3.16138,-0.075505,2
10.7702,3.16024,-0.113435,2
10.7802,3.15865,-0.151349,2
10.7902,3.15661,-0.189241,2
10.8002,3.15411,-0.227106,2
10.8102,3.15116,-0.264938,2
10.8202,3.14775,-0.302732,2
10.8302,3.14389,-0.340482,2
10.8402,3.13958,-0.378184,2
10.8502,3.13482,-0.41583,2
10.8602,3.1296,-0.453417,2
10.8702,3.12394,-0.490939,2
10.8802,3.11782,-0.52839,2
10.8902,3.11126,-0.565765,2
10.9002,3.10424,-0.603058,2
10.9102,3.09678,-0.640265,2
10.9202,3.08888,-0.677379,2
10.9302,3.08053,-0.714396,2
10.9402,3.07173,-0.75131,2
10.9502,3.06249,-0.788116,2
10.9602,3.05282,-0.824808,2
10.9702,3.0427,-0.861382,2
10.9802,3.03214,-0.897831,2
10.9902,3.02115,-0.934152,2
11.0002,3.00973,-0.970337,2
11.0102,2.99786,-1.00638,2
11.0202,2.98557,-1.04228,2
11.0302,2.97285,-1.07804,2
11.0402,2.9597,-1.11363,2
11.0502,2.94612,-1.14907,2
11.0602,2.93212,-1.18434,2
11.0702,2.9177,-1.21944,2
11.0802,2.90286,-1.25436,2
11.0902,2.8876,-1.2891,2
11.1002,2.87192,-1.32366,2
11.1102,2.85583,-1.35803,2
11.1202,2.83933,-1.3922,2
11.1302,2.82242,-1.42617,2
11.1402,2.8051,-1.45993,2
11.1502,2.78738,-1.49349,2
11.1602,2.76926,-1.52683,2
11.1702,2.75074,-1.55995,2
11.1802,2.73182,-1.59285,2
11.1902,2.71251,-1.62551,2
11.2002,2.69281,-1.65795,2
11.2102,2.67272,-1.69014,2
11.2202,2.65225,-1.72209,2
11.2302,2.63139,-1.75379,2
11.2402,2.61016,-1.78524,2
11.2502,2.58855,-1.81643,2
11.2602,2.56656,-1.84736,2
11.2702,2.54421,-1.87803,2
11.2802,2.52149,-1.90842,2
11.2902,2.49841,-1.93854,2
11.3002,2.47497,-1.96838,2
11.3102,2.45117,-1.99794,2
11.3202,2.42702,-2.02721,2
11.3302,2.40252,-2.05619,2
11.3402,2.37767,-2.08487,2
11.3502,2.35248,-2.11325,2
11.3602,2.32695,-2.14133,2
11.3702,2.30109,-2.1691,2
11.3802,2.2749,-2.19655,2
11.3902,2.24837,-2.22369,2
11.4002,2.22153,-2.25051,2
11.4102,2.19436,-2.27701,2
11.4202,2.16688,-2.30318,2
11.4302,2.13909,-2.32901,2
11.4402,2.11099,-2.35451,2
11.4502,2.08258,-2.37967,2
11.4602,2.05388,-2.40449,2
11.4702,2.02488,-2.42897,2
11.4802,1.99558,-2.45309,2
11.4902,1.966,-2.47686,2
11.5002,1.93614,-2.50027,2
11.5102,1.906,-2.52333,2
11.5202,1.87558,-2.54602,2
11.5302,1.84489,-2.56834,2
11.5402,1.81394,-2.59029,2
11.5502,1.78273,-2.61187,2
11.5602,1.75126,-2.63308,2
11.5702,1.71954,-2.6539,2
11.5802,1.68757,-2.67434,2
11.5902,1.65535,-2.6944,2
11.6002,1.6229,-2.71407,2
11.6102,1.59022,-2.73335,2
11.6202,1.5573,-2.75224,2
11.6302,1.52417,-2.77073,2
11.6402,1.49081,-2.78882,2
11.6502,1.45724,-2.8065,2
11.6602,1.42345,-2.82379,2
11.6702,1.38947,-2.84067,2
11.6802,1.35528,-2.85713,2
11.6902,1.3209,-2.87319,2
11.7002,1.28632,-2.88884,2
11.7102,1.25157,-2.90406,2
11.7202,1.21663,-2.91887,2
11.7302,1.18152,-2.93326,2
11.7402,1.14623,-2.94723,2
11.7502,1.11078,-2.96077,2
11.7602,1.07518,-2.97389,2
11.7702,1.03941,-2.98657,2
11.7802,1.0035,-2.99883,2
11.7902,0.967442,-3.01066,2
11.8002,0.931245,-3.02205,2
11.8102,0.894915,-3.03301,2
11.8202,0.858455,-3.04353,2
11.8302,0.821872,-3.05361,2
11.8402,0.78517,-3.06325,2
11.8502,0.748355,-3.07245,2
11.8602,0.711433,-3.08121,2
11.8702,0.674408,-3.08953,2
11.8802,0.637286,-3.0974,2
11.8902,0.600072,-3.10482,2
11.9002,0.562772,-3.1118,2
11.9102,0.525391,-3.11833,2
11.9202,0.487934,-3.12441,2
11.9302,0.450407,-3.13004,2
11.9402,0.412815,-3.13522,2
11.9502,0.375164,-3.13994,2
11.9602,0.337458,-3.14422,2
11.9702,0.299704,-3.14804,2
11.9802,0.261907,-3.15141,2
11.9902,0.224072,-3.15433,2
12.0002,0.186205,-3.15679,2
12.0102,0.148311,-3.1588,2
12.0202,0.110396,-3.16035,2
12.0302,0.0724644,-3.16145,2
12.0402,0.0345227,-3.16209,2
12.0502,-0.00342397,-3.16228,2
12.0602,-0.0413701,-3.16201,2
12.0702,-0.0793103,-3.16128,2
12.0802,-0.117239,-3.1601,2
12.0902,-0.155151,-3.15847,2
12.1002,-0.193041,-3.15638,2
12.1102,-0.230902,-3.15384,2
12.1202,-0.268731,-3.15084,2
12.1302,-0.306521,-3.14739,2
12.1402,-0.344266,-3.14348,2
12.1502,-0.381962,-3.13912,2
12.1602,-0.419603,-3.13432,2
12.1702,-0.457184,-3.12905,2
12.1802,-0.494699,-3.12334,2
12.1902,-0.532143,-3.11718,2
12.2002,-0.56951,-3.11057,2
12.2102,-0.606795,-3.10351,2
12.2202,-0.643992,-3.09601,2
12.2302,-0.681097,-3.08806,2
12.2402,-0.718104,-3.07966,2
12.2502,-0.755007,-3.07082,2
12.2602,-0.791802,-3.06154,2
12.2702,-0.828482,-3.05182,2
12.2802,-0.865044,-3.04166,2
12.2902,-0.90148,-3.03106,2
12.3002,-0.937787,-3.02003,2
12.3102,-0.973959,-3.00855,2
12.3202,-1.00999,-2.99665,2
12.3302,-1.04588,-2.98432,2
12.3402,-1.08161,-2.97155,2
12.3502,-1.11719,-2.95836,2
12.3602,-1.15261,-2.94474,2
12.3702,-1.18786,-2.9307,2
12.3802,-1.22295,-2.91623,2
12.3902,-1.25785,-2.90135,2
12.4002,-1.29258,-2.88604,2
12.4102,-1.32712,-2.87032,2
12.4202,-1.36146,-2.85419,2
12.4302,-1.39562,-2.83765,2
12.4402,-1.42957,-2.8207,2
12.4502,-1.46331,-2.80334,2
12.4602,-1.49684,-2.78558,2
12.4702,-1.53016,-2.76742,2
12.4802,-1.56326,-2.74886,2
12.4902,-1.59613,-2.7299,2
12.5002,-1.62878,-2.71055,2
12.5102,-1.66119,-2.69081,2
12.5202,-1.69335,-2.67068,2
12.5302,-1.72528,-2.65017,2
12.5402,-1.75696,-2.62928,2
12.5502,-1.78838,-2.60801,2
12.5602,-1.81955,-2.58636,2
12.5702,-1.85045,-2.56434,2
12.5802,-1.88109,-2.54195,2
12.5902,-1.91146,-2.51919,2
12.6002,-1.94155,-2.49607,2
12.6102,-1.97136,-2.4726,2
12.6202,-2.00089,-2.44876,2
12.6302,-2.03013,-2.42458,2
12.6402,-2.05908,-2.40004,2
12.6502,-2.08773,-2.37516,2
12.6602,-2.11608,-2.34994,2
12.6702,-2.14413,-2.32437,2
12.6802,-2.17186,-2.29848,2
12.6902,-2.19929,-2.27225,2
12.7002,-2.2264,-2.2457,2
12.7102,-2.25319,-2.21882,2
12.7202,-2.27965,-2.19162,2
12.7302,-2.30578,-2.16411,2
12.7402,-2.33159,-2.13628,2
12.7502,-2.35705,-2.10815,2
12.7602,-2.38218,-2.07972,2
12.7702,-2.40696,-2.05098,2
12.7802,-2.4314,-2.02195,2
12.7902,-2.45549,-1.99263,2
12.8002,-2.47922,-1.96302,2
12.8102,-2.5026,-1.93313,2
12.8202,-2.52562,-1.90296,2
12.8302,-2.54827,-1.87252,2
12.8402,-2.57056,-1.8418,2
12.8502,-2.59247,-1.81082,2
12.8602,-2.61402,-1.77958,2
12.8702,-2.63518,-1.74809,2
12.8802,-2.65597,-1.71634,2
12.8902,-2.67637,-1.68435,2
12.9002,-2.69639,-1.65211,2
12.9102,-2.71602,-1.61963,2
12.9202,-2.73526,-1.58693,2
12.9302,-2.75411,-1.55399,2
12.9402,-2.77256,-1.52083,2
12.9502,-2.79061,-1.48745,2
12.9602,-2.80826,-1.45386,2
12.9702,-2.8255,-1.42005,2
12.9802,-2.84234,-1.38605,2
12.9902,-2.85876,-1.35184,2
13.0002,-2.87478,-1.31744,2
13.0102,-2.89038,-1.28285,2
13.0202,-2.90557,-1.24807,2
13.0302,-2.92033,-1.21311,2
13.0402,-2.93468,-1.17798,2
13.0502,-2.94861,-1.14268,2
13.0602,-2.9621,-1.10722,2
13.0702,-2.97518,-1.0716,2
13.0802,-2.98782,-1.03582,2
13.0902,-3.00004,-0.999889,2
13.1002,-3.01182,-0.963817,2
13.1102,-3.02317,-0.927607,2
13.1202,-3.03408,-0.891263,2
13.1302,-3.04456,-0.854791,2
13.1402,-3.0546,-0.818195,2
13.1502,-3.06419,-0.781482,2
13.1602,-3.07335,-0.744657,2
13.1702,-3.08207,-0.707724,2
13.1802,-3.09034,-0.670689,2
13.1902,-3.09816,-0.633557,2
13.2002,-3.10554,-0.596335,2
13.2102,-3.11247,-0.559026,2
13.2202,-3.11896,-0.521637,2
13.2302,-3.12499,-0.484173,2
13.2402,-3.13058,-0.446639,2
13.2502,-3.13571,-0.409041,2
13.2602,-3.14039,-0.371384,2
13.2702,-3.14462,-0.333673,2
13.2802,-3.1484,-0.295915,2
13.2902,-3.15173,-0.258113,2
13.3002,-3.1546,-0.220275,2
13.3102,-3.15701,-0.182405,2
13.3202,-3.15897,-0.144509,2
13.3302,-3.16048,-0.106591,2
13.3402,-3.16153,-0.0686589,2
13.3502,-3.16213,-0.0307164,2
13.3602,-3.16227,0.00723039,2
13.3702,-3.16195,0.0451762,2
13.3802,-3.16119,0.0831155,2
13.3902,-3.15996,0.121043,2
13.4002,-3.15828,0.158953,2
13.4102,-3.15615,0.19684,2
13.4202,-3.15356,0.234698,2
13.4302,-3.15051,0.272523,2
13.4402,-3.14702,0.310309,2
13.4502,-3.14307,0.34805,2
13.4602,-3.13866,0.385741,2
13.4702,-3.13381,0.423376,2
13.4802,-3.1285,0.46095,2
13.4902,-3.12275,0.498458,2
13.5002,-3.11654,0.535894,2
13.5102,-3.10988,0.573253,2
13.5202,-3.10278,0.61053,2
13.5302,-3.09523,0.647718,2
13.5402,-3.08724,0.684814,2
13.5502,-3.0788,0.72181,2
13.5602,-3.06991,0.758703,2
13.5702,-3.06059,0.795486,2
13.5802,-3.05082,0.832155,2
13.5902,-3.04062,0.868704,2
13.6002,-3.02997,0.905128,2
13.6102,-3.01889,0.941422,2
13.6202,-3.00738,0.97758,2
13.6302,-2.99543,1.0136,2
13.6402,-2.98305,1.04947,2
13.6502,-2.97025,1.08519,2
13.6602,-2.95701,1.12075,2
13.6702,-2.94335,1.15616,2
13.6802,-2.92926,1.19139,2
13.6902,-2.91476,1.22646,2
13.7002,-2.89983,1.26134,2
13.7102,-2.88448,1.29605,2
13.7202,-2.86873,1.33057,2
13.7302,-2.85255,1.3649,2
13.7402,-2.83597,1.39903,2
13.7502,-2.81898,1.43296,2
13.7602,-2.80158,1.46668,2
13.7702,-2.78378,1.5002,2
13.7802,-2.76557,1.53349,2
13.7902,-2.74697,1.56657,2
13.8002,-2.72798,1.59942,2
13.8102,-2.70859,1.63204,2
13.8202,-2.68881,1.66442,2
13.8302,-2.66864,1.69657,2
13.8402,-2.64809,1.72847,2
13.8502,-2.62716,1.76012,2
13.8602,-2.60585,1.79152,2
13.8702,-2.58417,1.82266,2
13.8802,-2.56211,1.85354,2
13.8902,-2.53968,1.88415,2
13.9002,-2.51689,1.91449,2
13.9102,-2.49374,1.94455,2
13.9202,-2.47022,1.97434,2
13.9302,-2.44635,2.00384,2
13.9402,-2.42213,2.03305,2
13.9502,-2.39756,2.06197,2
13.9602,-2.37264,2.09059,2
13.9702,-2.34739,2.11891,2
13.9802,-2.32179,2.14692,2
13.9902,-2.29586,2.17463,2
14.0002,-2.2696,2.20202,2
14.0102,-2.24302,2.2291,2
14.0202,-2.21611,2.25585,2
14.0302,-2.18888,2.28228,2
14.0402,-2.16133,2.30839,2
14.0502,-2.13348,2.33416,2
14.0602,-2.10531,2.35959,2
14.0702,-2.07685,2.38468,2
14.0802,-2.04808,2.40943,2
14.0902,-2.01902,2.43383,2
14.1002,-1.98967,2.45789,2
14.1102,-1.96003,2.48159,2
14.1202,-1.93011,2.50493,2
14.1302,-1.89992,2.52791,2
14.1402,-1.86945,2.55052,2
14.1502,-1.83871,2.57277,2
14.1602,-1.8077,2.59465,2
14.1702,-1.77644,2.61616,2
14.1802,-1.74492,2.63728,2
14.1902,-1.71314,2.65803,2
14.2002,-1.68112,2.6784,2
14.2102,-1.64886,2.69838,2
14.2202,-1.61636,2.71797,2
14.2302,-1.58363,2.73717,2
14.2402,-1.55067,2.75598,2
14.2502,-1.51749,2.77439,2
14.2602,-1.48409,2.7924,2
14.2702,-1.45048,2.81,2
14.2802,-1.41665,2.82721,2
14.2902,-1.38262,2.844,2
14.3002,-1.3484,2.86039,2
14.3102,-1.31398,2.87636,2
14.3202,-1.27937,2.89192,2
14.3302,-1.24457,2.90707,2
14.3402,-1.2096,2.92179,2
14.3502,-1.17445,2.9361,2
14.3602,-1.13913,2.94998,2
14.3702,-1.10365,2.96344,2
14.3802,-1.06801,2.97647,2
14.3902,-1.03222,2.98907,2
14.4002,-0.996277,3.00124,2
14.4102,-0.960191,3.01298,2
14.4202,-0.923967,3.02428,2
14.4302,-0.88761,3.03515,2
14.4402,-0.851125,3.04558,2
14.4502,-0.814518,3.05558,2
14.4602,-0.777793,3.06513,2
14.4702,-0.740957,3.07425,2
14.4802,-0.704013,3.08292,2
14.4902,-0.666968,3.09114,2
14.5002,-0.629828,3.09892,2
14.5102,-0.592596,3.10626,2
14.5202,-0.555279,3.11314,2
14.5302,-0.517882,3.11958,2
14.5402,-0.480411,3.12557,2
14.5502,-0.442871,3.13111,2
14.5602,-0.405266,3.1362,2
14.5702,-0.367603,3.14084,2
14.5802,-0.329888,3.14502,2
14.5902,-0.292125,3.14876,2
14.6002,-0.25432,3.15203,2
14.6102,-0.216478,3.15486,2
14.6202,-0.178605,3.15723,2
14.6302,-0.140706,3.15915,2
14.6402,-0.102787,3.16061,2
14.6502,-0.0648533,3.16161,2
14.6602,-0.0269102,3.16216,2
14.6702,0.0110368,3.16226,2
14.6802,0.0489822,3.1619,2
14.6902,0.0869206,3.16108,2
14.7002,0.124846,3.15981,2
14.7102,0.162754,3.15809,2
14.7202,0.200639,3.15591,2
14.7302,0.238494,3.15327,2
14.7402,0.276315,3.15018,2
14.7502,0.314097,3.14664,2
14.7602,0.351833,3.14264,2
14.7702,0.389518,3.1382,2
14.7802,0.427148,3.1333,2
14.7902,0.464716,3.12794,2
14.8002,0.502217,3.12214,2
14.8102,0.539645,3.11589,2
14.8202,0.576996,3.10919,2
14.8302,0.614264,3.10204,2
14.8402,0.651444,3.09445,2
14.8502,0.688529,3.08641,2
14.8602,0.725516,3.07793,2
14.8702,0.762398,3.069,2
14.8802,0.79917,3.05963,2
14.8902,0.835827,3.04982,2
14.9002,0.872364,3.03957,2
14.9102,0.908775,3.02888,2
14.9202,0.945055,3.01776,2
14.9302,0.981199,3.0062,2
14.9402,1.0172,2.99421,2
14.9502,1.05306,2.98179,2
14.9602,1.08876,2.96894,2
14.9702,1.12431,2.95566,2
14.9802,1.1597,2.94196,2
14.9902,1.19492,2.92783,2
15.0002,1.22996,2.91328,2
15.0102,1.26483,2.89831,2
15.0202,1.29952,2.88292,2
15.0302,1.33402,2.86712,2
15.0402,1.36833,2.85091,2
15.0502,1.40244,2.83428,2
15.0602,1.43635,2.81725,2
15.0702,1.47005,2.79981,2
15.0802,1.50355,2.78197,2
15.0903,1.53682,2.76373,2
15.1003,1.56987,2.74509,2
15.1103,1.6027,2.72605,2
15.1203,1.6353,2.70662,2
15.1303,1.66766,2.6868,2
15.1403,1.69978,2.6666,2
15.1503,1.73166,2.64601,2
15.1603,1.76328,2.62504,2
15.1703,1.79465,2.60369,2
15.1803,1.82577,2.58197,2
15.1903,1.85662,2.55988,2
15.2003,1.8872,2.53741,2
15.2103,1.91752,2.51458,2
15.2203,1.94755,2.49139,2
15.2303,1.97731,2.46784,2
15.2403,2.00678,2.44394,2
15.2503,2.03596,2.41968,2
15.2603,2.06485,2.39508,2
15.2703,2.09344,2.37013,2
15.2803,2.12173,2.34484,2
15.2903,2.14972,2.31921,2
15.3003,2.17739,2.29324,2
15.3103,2.20475,2.26695,2
15.3203,2.2318,2.24033,2
15.3303,2.25852,2.21339,2
15.3403,2.28492,2.18613,2
15.3503,2.31099,2.15855,2
15.3603,2.33672,2.13066,2
15.3703,2.36212,2.10247,2
15.3803,2.38718,2.07398,2
15.3903,2.41189,2.04518,2
15.4003,2.43626,2.01609,2
15.4103,2.46028,1.98671,2
15.4203,2.48394,1.95705,2
15.4303,2.50725,1.9271,2
15.4403,2.53019,1.89687,2
15.4503,2.55277,1.86638,2
15.4603,2.57498,1.83561,2
15.4703,2.59683,1.80458,2
15.4803,2.61829,1.77329,2
15.4903,2.63938,1.74174,2
15.5003,2.66009,1.70994,2
15.5103,2.68042,1.6779,2
15.5203,2.70036,1.64561,2
15.5303,2.71991,1.61309,2
15.5403,2.73908,1.58034,2
15.5503,2.75784,1.54736,2
15.5603,2.77621,1.51415,2
15.5703,2.79418,1.48073,2
15.5803,2.81175,1.44709,2
15.5903,2.82891,1.41325,2
15.6003,2.84566,1.3792,2
15.6103,2.86201,1.34495,2
15.6203,2.87794,1.31051,2
15.6303,2.89346,1.27588,2
15.6403,2.90856,1.24107,2
15.6503,2.92325,1.20608,2
15.6603,2.93751,1.17092,2
15.6703,2.95135,1.13558,2
15.6803,2.96476,1.10008,2
15.6903,2.97775,1.06443,2
15.7003,2.99031,1.02862,2
15.7103,3.00244,0.992664,2
15.7203,3.01413,0.956564,2
15.7303,3.02539,0.920326,2
15.7403,3.03622,0.883956,2
15.7503,3.04661,0.847459,2
15.7603,3.05656,0.810839,2
15.7703,3.06607,0.774103,2
15.7803,3.07513,0.737256,2
15.7903,3.08376,0.700302,2
15.8003,3.09194,0.663247,2
15.8103,3.09968,0.626097,2
15.8203,3.10697,0.588857,2
15.8303,3.11381,0.551532,2
15.8403,3.1202,0.514127,2
15.8503,3.12615,0.476648,2
15.8603,3.13164,0.439101,2
15.8703,3.13669,0.401491,2
15.8803,3.14128,0.363823,2
15.8903,3.14542,0.326102,2
15.9003,3.14911,0.288334,2
15.9103,3.15234,0.250525,2
15.9203,3.15512,0.21268,2
15.9303,3.15744,0.174804,2
15.9403,3.15931,0.136903,2
15.9503,3.16073,0.0989826,2
15.9603,3.16169,0.0610476,2
15.9703,3.16219,0.0231039,2
15.9803,3.16224,-0.0148432,2
15.9903,3.16184,-0.0527882,2
16.0003,3.16098,-0.0907255,2
16.0103,3.15966,-0.12865,2
16.0203,3.15789,-0.166555,2
16.0303,3.15566,-0.204437,2
16.0403,3.15298,-0.24229,2
16.0503,3.14985,-0.280107,2
16.0603,3.14626,-0.317884,2
16.0703,3.14222,-0.355615,2
16.0803,3.13773,-0.393296,2
16.0903,3.13278,-0.430919,2
16.1003,3.12738,-0.46848,2
16.1103,3.12154,-0.505974,2
16.1203,3.11524,-0.543396,2
16.1303,3.1085,-0.580738,2
16.1403,3.1013,-0.617998,2
16.1503,3.09366,-0.655168,2
16.1603,3.08558,-0.692244,2
16.1703,3.07705,-0.72922,2
16.1803,3.06808,-0.766091,2
16.1903,3.05866,-0.802852,2
16.2003,3.04881,-0.839497,2
16.2103,3.03852,-0.876022,2
16.2203,3.02779,-0.91242,2
16.2303,3.01662,-0.948687,2
16.2403,3.00502,-0.984817,2
16.2503,2.99298,-1.02081,2
16.2603,2.98052,-1.05665,2
16.2703,2.96763,-1.09234,2
16.2803,2.9543,-1.12787,2
16.2903,2.94056,-1.16324,2
16.3003,2.92639,-1.19844,2
16.3103,2.9118,-1.23347,2
16.3203,2.89678,-1.26832,2
16.3303,2.88136,-1.30299,2
16.3403,2.86551,-1.33747,2
16.3503,2.84926,-1.37176,2
16.3603,2.83259,-1.40585,2
16.3703,2.81552,-1.43974,2
16.3803,2.79804,-1.47342,2
16.3903,2.78016,-1.50689,2
16.4003,2.76187,-1.54015,2
16.4103,2.74319,-1.57318,2
16.4203,2.72412,-1.60598,2
16.4303,2.70465,-1.63855,2
16.4403,2.68479,-1.67089,2
16.4503,2.66455,-1.70299,2
16.4603,2.64392,-1.73484,2
16.4703,2.62292,-1.76644,2
16.4803,2.60153,-1.79779,2
16.4903,2.57977,-1.82888,2
16.5003,2.55764,-1.8597,2
16.5103,2.53514,-1.89026,2
16.5203,2.51227,-1.92054,2
16.5303,2.48905,-1.95055,2
16.5403,2.46546,-1.98028,2
16.5503,2.44152,-2.00972,2
16.5603,2.41723,-2.03887,2
16.5703,2.39259,-2.06773,2
16.5803,2.3676,-2.09629,2
16.5903,2.34228,-2.12455,2
16.6003,2.31662,-2.15251,2
16.6103,2.29062,-2.18015,2
16.6203,2.26429,-2.20748,2
16.6303,2.23764,-2.23449,2
16.6403,2.21067,-2.26118,2
16.6503,2.18338,-2.28755,2
16.6603,2.15577,-2.31358,2
16.6703,2.12785,-2.33928,2
16.6803,2.09963,-2.36465,2
16.6903,2.0711,-2.38967,2
16.7003,2.04228,-2.41435,2
16.7103,2.01316,-2.43869,2
16.7203,1.98375,-2.46267,2
16.7303,1.95405,-2.4863,2
16.7403,1.92408,-2.50957,2
16.7503,1.89383,-2.53247,2
16.7603,1.8633,-2.55502,2
16.7703,1.83251,-2.57719,2
16.7803,1.80145,-2.599,2
16.7903,1.77013,-2.62043,2
16.8003,1.73856,-2.64148,2
16.8103,1.70674,-2.66215,2
16.8203,1.67467,-2.68244,2
16.8303,1.64236,-2.70234,2
16.8403,1.60982,-2.72185,2
16.8503,1.57704,-2.74098,2
16.8603,1.54403,-2.7597,2
16.8703,1.51081,-2.77803,2
16.8803,1.47736,-2.79596,2
16.8903,1.44371,-2.81349,2
16.9003,1.40984,-2.83061,2
16.9103,1.37577,-2.84732,2
16.9203,1.34151,-2.86363,2
16.9303,1.30705,-2.87952,2
16.9403,1.2724,-2.895,2
16.9503,1.23757,-2.91006,2
16.9603,1.20256,-2.9247,2
16.9703,1.16738,-2.93892,2
16.9803,1.13203,-2.95271,2
16.9903,1.09652,-2.96608,2
17.0003,1.06084,-2.97903,2
17.0103,1.02502,-2.99154,2
17.0203,0.989049,-3.00363,2
17.0303,0.952935,-3.01528,2
17.0403,0.916684,-3.0265,2
17.0503,0.880301,-3.03728,2
17.0603,0.843791,-3.04762,2
17.0703,0.80716,-3.05753,2
17.0803,0.770412,-3.067,2
17.0903,0.733554,-3.07602,2
17.1003,0.696589,-3.0846,2
17.1103,0.659525,-3.09274,2
17.1203,0.622365,-3.10043,2
17.1303,0.585116,-3.10767,2
17.1403,0.547783,-3.11447,2
17.1503,0.510371,-3.12082,2
17.1603,0.472885,-3.12672,2
17.1703,0.435331,-3.13217,2
17.1803,0.397715,-3.13717,2
17.1903,0.360041,-3.14171,2
17.2003,0.322316,-3.14581,2
17.2103,0.284544,-3.14945,2
17.2203,0.246731,-3.15264,2
17.2303,0.208882,-3.15537,2
17.2403,0.171004,-3.15765,2
17.2503,0.1331,-3.15948,2
17.2603,0.0951779,-3.16085,2
17.2703,0.0572418,-3.16176,2
17.2803,0.0192975,-3.16222,2
17.2903,-0.0186496,-3.16222,2
17.3003,-0.056594,-3.16177,2
17.3103,-0.0945303,-3.16086,2
17.3203,-0.132453,-3.1595,2
17.3303,-0.170357,-3.15769,2
17.3403,-0.208236,-3.15541,2
17.3503,-0.246085,-3.15269,2
17.3603,-0.283898,-3.14951,2
17.3703,-0.321671,-3.14587,2
17.3803,-0.359397,-3.14179,2
17.3903,-0.397072,-3.13725,2
17.4003,-0.43469,-3.13226,2
17.4103,-0.472245,-3.12682,2
17.4203,-0.509731,-3.12093,2
17.4303,-0.547145,-3.11458,2
17.4403,-0.58448,-3.10779,2
17.4503,-0.62173,-3.10056,2
17.4603,-0.658891,-3.09287,2
17.4703,-0.695957,-3.08474,2
17.4803,-0.732923,-3.07617,2
17.4903,-0.769784,-3.06715,2
17.5003,-0.806533,-3.0577,2
17.5103,-0.843167,-3.0478,2
17.5203,-0.879679,-3.03746,2
17.5303,-0.916064,-3.02669,2
17.5403,-0.952317,-3.01548,2
17.5503,-0.988434,-3.00383,2
17.5603,-1.02441,-2.99175,2
17.5703,-1.06023,-2.97925,2
17.5803,-1.09591,-2.96631,2
17.5903,-1.13142,-2.95294,2
17.6003,-1.16678,-2.93916,2
17.6103,-1.20196,-2.92494,2
17.6203,-1.23697,-2.91031,2
17.6303,-1.27181,-2.89526,2
17.6403,-1.30646,-2.87979,2
17.6503,-1.34092,-2.8639,2
17.6603,-1.37519,-2.8476,2
17.6703,-1.40926,-2.8309,2
17.6803,-1.44313,-2.81378,2
17.6903,-1.47679,-2.79626,2
17.7003,-1.51024,-2.77834,2
17.7103,-1.54347,-2.76002,2
17.7203,-1.57648,-2.7413,2
17.7303,-1.60926,-2.72218,2
17.7403,-1.64181,-2.70268,2
17.7503,-1.67412,-2.68278,2
17.7603,-1.70619,-2.6625,2
17.7703,-1.73802,-2.64183,2
17.7803,-1.7696,-2.62079,2
17.7903,-1.80092,-2.59936,2
17.8003,-1.83198,-2.57757,2
17.8103,-1.86278,-2.5554,2
17.8203,-1.89331,-2.53286,2
17.8303,-1.92356,-2.50996,2
17.8403,-1.95355,-2.4867,2
17.8503,-1.98324,-2.46308,2
17.8603,-2.01266,-2.4391,2
17.8703,-2.04178,-2.41477,2
17.8803,-2.07061,-2.3901,2
17.8903,-2.09914,-2.36508,2
17.9003,-2.12737,-2.33972,2
17.9103,-2.15529,-2.31402,2
17.9203,-2.18291,-2.28799,2
17.9303,-2.2102,-2.26164,2
17.9403,-2.23718,-2.23495,2
17.9503,-2.26384,-2.20794,2
17.9603,-2.29017,-2.18062,2
17.9703,-2.31618,-2.15298,2
17.9803,-2.34184,-2.12503,2
17.9903,-2.36718,-2.09678,2
18.0003,-2.39217,-2.06822,2
18.0103,-2.41681,-2.03937,2
18.0203,-2.44111,-2.01022,2
18.0303,-2.46506,-1.98078,2
18.0403,-2.48865,-1.95106,2
18.0503,-2.51188,-1.92106,2
18.0603,-2.53475,-1.89078,2
18.0703,-2.55726,-1.86022,2
18.0803,-2.5794,-1.8294,2
18.0903,-2.60116,-1.79832,2
18.1003,-2.62255,-1.76698,2
18.1103,-2.64357,-1.73538,2
18.1203,-2.6642,-1.70353,2
18.1303,-2.68445,-1.67144,2
18.1403,-2.70432,-1.63911,2
18.1503,-2.72379,-1.60654,2
18.1603,-2.74287,-1.57374,2
18.1703,-2.76156,-1.54071,2
18.1803,-2.77985,-1.50746,2
18.1903,-2.79774,-1.474,2
18.2003,-2.81522,-1.44032,2
18.2103,-2.8323,-1.40643,2
18.2203,-2.84898,-1.37235,2
18.2303,-2.86524,-1.33806,2
18.2403,-2.88109,-1.30358,2
18.2503,-2.89652,-1.26892,2
18.2603,-2.91154,-1.23407,2
18.2703,-2.92614,-1.19904,2
18.2803,-2.94032,-1.16384,2
18.2903,-2.95407,-1.12847,2
18.3003,-2.9674,-1.09294,2
18.3103,-2.9803,-1.05726,2
18.3203,-2.99278,-1.02142,2
18.3303,-3.00482,-0.985433,2
18.3403,-3.01643,-0.949305,2
18.3503,-3.0276,-0.91304,2
18.3603,-3.03834,-0.876644,2
18.3703,-3.04864,-0.840122,2
18.3803,-3.0585,-0.803479,2
18.3903,-3.06792,-0.76672,2
18.4003,-3.0769,-0.72985,2
18.4103,-3.08544,-0.692876,2
18.4203,-3.09353,-0.655802,2
18.4303,-3.10118,-0.618633,2
18.4403,-3.10838,-0.581375,2
18.4503,-3.11513,-0.544034,2
18.4603,-3.12143,-0.506614,2
18.4703,-3.12729,-0.469121,2
18.4803,-3.13269,-0.431561,2
18.4903,-3.13764,-0.393938,2
18.5003,-3.14215,-0.356259,2
18.5103,-3.14619,-0.318529,2
18.5203,-3.14979,-0.280752,2
18.5303,-3.15293,-0.242936,2
18.5403,-3.15562,-0.205084,2
18.5503,-3.15785,-0.167203,2
18.5603,-3.15963,-0.129297,2
18.5703,-3.16096,-0.0913731,2
18.5803,-3.16183,-0.053436,2
18.5903,-3.16224,-0.0154911,2
18.6003,-3.1622,0.022456,2
18.6103,-3.1617,0.0603998,2
18.6203,-3.16075,0.0983349,2
18.6303,-3.15934,0.136256,2
18.6403,-3.15748,0.174157,2
18.6503,-3.15516,0.212034,2
18.6603,-3.15239,0.249879,2
18.6703,-3.14916,0.287689,2
18.6803,-3.14549,0.325457,2
18.6903,-3.14135,0.363179,2
18.7003,-3.13677,0.400848,2
18.7103,-3.13173,0.43846,2
18.7203,-3.12625,0.476008,2
18.7303,-3.12031,0.513488,2
18.7403,-3.11392,0.550894,2
18.7503,-3.10709,0.58822,2
18.7603,-3.09981,0.625462,2
18.7703,-3.09208,0.662614,2
18.7803,-3.0839,0.69967,2
18.7903,-3.07529,0.736626,2
18.8003,-3.06623,0.773475,2
18.8103,-3.05672,0.810213,2
18.8203,-3.04678,0.846835,2
18.8303,-3.0364,0.883334,2
18.8403,-3.02558,0.919707,2
18.8503,-3.01433,0.955946,2
18.8603,-3.00264,0.992049,2
18.8703,-2.99052,1.02801,2
18.8803,-2.97797,1.06382,2
18.8903,-2.96499,1.09948,2
18.9003,-2.95158,1.13498,2
18.9103,-2.93775,1.17031,2
18.9203,-2.92349,1.20548,2
18.9303,-2.90882,1.24048,2
18.9403,-2.89372,1.27529,2
18.9503,-2.87821,1.30992,2
18.9603,-2.86229,1.34437,2
18.9703,-2.84595,1.37862,2
18.9803,-2.8292,1.41267,2
18.9903,-2.81204,1.44652,2
19.0003,-2.79448,1.48016,2
19.0103,-2.77652,1.51358,2
19.0203,-2.75816,1.54679,2
19.0303,-2.7394,1.57978,2
19.0403,-2.72024,1.61253,2
19.0503,-2.7007,1.64506,2
19.0603,-2.68076,1.67735,2
19.0703,-2.66044,1.7094,2
19.0803,-2.63974,1.7412,2
19.0903,-2.61866,1.77275,2
19.1003,-2.59719,1.80404,2
19.1103,-2.57536,1.83508,2
19.1203,-2.55315,1.86585,2
19.1303,-2.53058,1.89635,2
19.1403,-2.50764,1.92658,2
19.1503,-2.48434,1.95654,2
19.1603,-2.46069,1.98621,2
19.1703,-2.43668,2.01559,2
19.1803,-2.41231,2.04469,2
19.1903,-2.3876,2.07349,2
19.2003,-2.36255,2.10199,2
19.2103,-2.33716,2.13019,2
19.2203,-2.31143,2.15808,2
19.2303,-2.28537,2.18566,2
19.2403,-2.25897,2.21293,2
19.2503,-2.23226,2.23987,2
19.2603,-2.20522,2.2665,2
19.2703,-2.17786,2.2928,2
19.2803,-2.15019,2.31877,2
19.2903,-2.12221,2.3444,2
19.3003,-2.09393,2.3697,2
19.3103,-2.06534,2.39465,2
19.3203,-2.03646,2.41926,2
19.3303,-2.00728,2.44353,2
19.3403,-1.97781,2.46744,2
19.3503,-1.94806,2.49099,2
19.3603,-1.91803,2.51419,2
19.3703,-1.88772,2.53703,2
19.3803,-1.85714,2.55949,2
19.3903,-1.8263,2.5816,2
19.4003,-1.79519,2.60332,2
19.4103,-1.76382,2.62468,2
19.4203,-1.7322,2.64566,2
19.4303,-1.70033,2.66625,2
19.4403,-1.66821,2.68646,2
19.4503,-1.63585,2.70629,2
19.4604,-1.60326,2.72572,2
19.4704,-1.57044,2.74476,2
19.4804,-1.53739,2.76341,2
19.4904,-1.50412,2.78166,2
19.5004,-1.47063,2.79951,2
19.5104,-1.43693,2.81695,2
19.5204,-1.40302,2.83399,2
19.5304,-1.36891,2.85063,2
19.5404,-1.33461,2.86685,2
19.5504,-1.30011,2.88266,2
19.5604,-1.26543,2.89805,2
19.5704,-1.23056,2.91303,2
19.5804,-1.19552,2.92758,2
19.5904,-1.1603,2.94172,2
19.6004,-1.12492,2.95543,2
19.6104,-1.08937,2.96872,2
19.6204,-1.05367,2.98157,2
19.6304,-1.01782,2.994,2
19.6404,-0.981815,3.006,2
19.6504,-0.945673,3.01757,2
19.6604,-0.909395,3.0287,2
19.6704,-0.872986,3.03939,2
19.6804,-0.836452,3.04965,2
19.6904,-0.799797,3.05946,2
19.7004,-0.763026,3.06884,2
19.7104,-0.726146,3.07778,2
19.7204,-0.689162,3.08627,2
19.7304,-0.652078,3.09432,2
19.7404,-0.6149,3.10192,2
19.7504,-0.577633,3.10907,2
19.7604,-0.540284,3.11578,2
19.7704,-0.502856,3.12204,2
19.7804,-0.465357,3.12785,2
19.7904,-0.42779,3.13321,2
19.8004,-0.390161,3.13812,2
19.8104,-0.352477,3.14257,2
19.8204,-0.314741,3.14658,2
19.8304,-0.276961,3.15013,2
19.8404,-0.23914,3.15322,2
19.8504,-0.201285,3.15587,2
19.8604,-0.163401,3.15805,2
19.8704,-0.125494,3.15979,2
19.8804,-0.0875682,3.16106,2
19.8904,-0.0496301,3.16189,2
19.9004,-0.0116847,3.16226,2
19.9104,0.0262623,3.16217,2
19.9204,0.0642055,3.16163,2
19.9304,0.102139,3.16063,2
19.9404,0.140059,3.15917,2
19.9504,0.177958,3.15727,2
19.9604,0.215831,3.1549,2
19.9704,0.253674,3.15209,2
19.9804,0.29148,3.14882,2
19.9904,0.329243,3.14509,2
